# (c) Martin Lellep 2021; This sample data file belongs to my project "Cycling in Marburg" (http://lellep.xyz/blog/cycling-in-marburg-1-intro.html)
timestamp,Aquamar,Biegenstraße/Cineplex,Elisabeth-Blochmann-Platz,Stadtbüro,Wehrda Bürgerhaus
2020-06-06 00:00:27.442048,4,7,3,1,3
2020-06-06 00:01:03.586134,4,7,3,1,3
2020-06-06 00:01:39.750738,4,7,3,1,3
2020-06-06 00:02:15.603639,4,7,3,1,3
2020-06-06 00:02:51.467572,4,7,3,1,3
2020-06-06 00:03:27.257508,4,6,3,1,3
2020-06-06 00:04:03.122597,4,6,3,1,3
2020-06-06 00:04:39.335157,4,6,3,1,3
2020-06-06 00:05:15.419060,4,6,3,1,3
2020-06-06 00:05:51.170619,4,6,3,1,3
2020-06-06 00:06:26.924581,4,6,3,1,3
2020-06-06 00:07:02.789992,4,6,3,1,3
2020-06-06 00:07:38.610354,4,6,3,1,3
2020-06-06 00:08:14.334625,4,6,3,1,3
2020-06-06 00:08:50.065860,4,6,3,1,3
2020-06-06 00:09:25.789924,4,6,3,1,3
2020-06-06 00:10:01.547807,4,6,3,1,3
2020-06-06 00:10:37.271423,4,6,3,1,3
2020-06-06 00:11:12.978426,4,6,3,1,3
2020-06-06 00:11:48.709504,4,6,3,1,3
2020-06-06 00:12:24.417047,4,6,3,1,3
2020-06-06 00:13:00.120157,4,6,3,1,3
2020-06-06 00:13:35.822125,4,6,3,1,3
2020-06-06 00:14:11.461686,4,6,3,1,3
2020-06-06 00:14:47.091035,4,6,3,1,3
2020-06-06 00:15:22.726241,4,6,3,1,3
2020-06-06 00:15:58.312594,4,6,3,1,3
2020-06-06 00:16:33.877396,4,6,3,1,3
2020-06-06 00:17:14.650369,4,6,3,1,3
2020-06-06 00:17:55.445484,4,6,3,1,3
2020-06-06 00:18:31.141203,4,6,3,1,3
2020-06-06 00:19:07.429475,4,6,3,1,3
2020-06-06 00:19:43.709315,4,6,3,1,3
2020-06-06 00:20:19.431162,4,6,3,1,3
2020-06-06 00:20:55.146124,4,6,3,1,3
2020-06-06 00:21:30.845342,4,6,3,1,3
2020-06-06 00:22:06.712892,4,6,3,1,3
2020-06-06 00:22:42.644041,4,6,3,1,3
2020-06-06 00:23:18.362471,4,6,3,1,3
2020-06-06 00:23:53.992970,4,6,3,1,3
2020-06-06 00:24:29.701927,4,6,3,1,3
2020-06-06 00:25:05.969920,4,6,3,1,3
2020-06-06 00:25:42.195502,4,6,3,1,3
2020-06-06 00:26:18.083999,4,6,3,1,3
2020-06-06 00:26:53.880380,4,6,3,1,3
2020-06-06 00:27:29.650757,4,6,3,1,3
2020-06-06 00:28:05.677111,4,6,3,1,3
2020-06-06 00:28:41.587065,4,6,3,1,3
2020-06-06 00:29:17.318389,4,6,3,1,3
2020-06-06 00:29:53.125818,4,6,3,1,3
2020-06-06 00:30:28.919100,4,6,3,1,3
2020-06-06 00:31:04.694703,4,6,3,1,3
2020-06-06 00:31:40.481364,4,6,3,1,3
2020-06-06 00:32:16.262356,4,6,3,1,3
2020-06-06 00:32:52.029891,4,6,3,1,3
2020-06-06 00:33:27.745190,4,6,3,1,3
2020-06-06 00:34:03.630761,4,6,3,1,3
2020-06-06 00:34:39.559848,4,6,3,1,3
2020-06-06 00:35:15.415797,4,6,3,1,3
2020-06-06 00:35:51.342983,4,6,3,1,3
2020-06-06 00:36:27.211445,4,6,3,1,3
2020-06-06 00:37:03.030925,4,6,3,1,3
2020-06-06 00:37:38.739741,4,6,3,1,3
2020-06-06 00:38:14.432580,4,6,3,1,3
2020-06-06 00:38:50.183913,4,6,3,1,3
2020-06-06 00:39:25.983762,4,6,3,1,3
2020-06-06 00:40:01.974090,4,6,3,1,3
2020-06-06 00:40:37.979681,4,6,3,1,3
2020-06-06 00:41:13.763319,4,6,3,1,3
2020-06-06 00:41:49.520503,4,6,3,1,3
2020-06-06 00:42:25.222282,4,6,3,1,3
2020-06-06 00:43:00.936505,4,6,3,1,3
2020-06-06 00:43:36.685719,4,6,3,1,3
2020-06-06 00:44:12.685863,4,6,3,1,3
2020-06-06 00:44:48.668699,4,6,3,1,3
2020-06-06 00:45:24.437023,4,6,3,1,3
2020-06-06 00:46:00.227145,4,6,3,1,3
2020-06-06 00:46:36.435949,4,6,3,1,3
2020-06-06 00:47:12.621039,4,6,3,1,3
2020-06-06 00:47:48.407778,4,6,3,1,3
2020-06-06 00:48:24.142338,4,6,3,1,3
2020-06-06 00:48:59.815012,4,6,3,1,3
2020-06-06 00:49:35.648491,4,6,3,1,3
2020-06-06 00:50:11.651339,4,6,3,1,3
2020-06-06 00:50:47.592579,4,6,3,1,3
2020-06-06 00:51:23.376217,4,6,3,1,3
2020-06-06 00:51:59.167044,4,6,3,1,3
2020-06-06 00:52:34.985271,4,6,3,1,3
2020-06-06 00:53:10.790609,4,6,3,1,3
2020-06-06 00:53:46.568250,4,6,3,1,3
2020-06-06 00:54:22.270975,4,6,3,1,3
2020-06-06 00:54:58.062062,4,6,3,1,3
2020-06-06 00:55:33.860913,4,6,3,1,3
2020-06-06 00:56:09.598834,4,6,3,1,3
2020-06-06 00:56:45.232667,4,6,3,1,3
2020-06-06 00:57:20.727533,4,6,3,1,3
2020-06-06 00:57:56.265612,4,6,3,1,3
2020-06-06 00:58:31.831757,4,6,3,1,3
2020-06-06 00:59:07.374442,4,6,3,1,3
2020-06-06 00:59:42.906212,4,6,3,1,3
2020-06-06 01:00:18.401612,4,6,3,1,3
2020-06-06 01:00:53.915480,4,6,3,1,3
2020-06-06 01:01:29.458841,4,6,3,1,3
2020-06-06 01:02:05.059954,4,6,3,1,3
2020-06-06 01:02:40.619459,4,6,3,1,3
2020-06-06 01:03:16.187784,4,6,3,1,3
2020-06-06 01:03:51.787212,4,6,3,1,3
2020-06-06 01:04:27.478756,4,6,3,1,3
2020-06-06 01:05:03.432527,4,6,3,1,3
2020-06-06 01:05:39.326325,4,6,3,1,3
2020-06-06 01:06:15.147422,4,6,3,1,3
2020-06-06 01:06:50.947819,4,6,3,1,3
2020-06-06 01:07:26.650638,4,6,3,1,3
2020-06-06 01:08:02.334975,4,6,3,1,3
2020-06-06 01:08:37.978604,4,6,3,1,3
2020-06-06 01:09:13.627645,4,6,3,1,3
2020-06-06 01:09:49.404471,4,6,3,1,3
2020-06-06 01:10:25.214838,4,6,3,1,3
2020-06-06 01:11:00.926004,4,6,3,1,3
2020-06-06 01:11:36.613848,4,6,3,1,3
2020-06-06 01:12:12.262162,4,6,3,1,3
2020-06-06 01:12:47.898075,4,6,3,1,3
2020-06-06 01:13:23.508047,4,6,3,1,3
2020-06-06 01:13:59.099028,4,6,3,1,3
2020-06-06 01:14:34.691181,4,6,3,1,3
2020-06-06 01:15:10.384985,4,6,3,1,3
2020-06-06 01:15:46.150579,4,6,3,1,3
2020-06-06 01:16:21.809294,4,6,3,1,3
2020-06-06 01:16:57.453525,4,6,3,1,3
2020-06-06 01:17:33.072471,4,6,3,1,3
2020-06-06 01:18:08.643779,4,6,3,1,3
2020-06-06 01:18:44.216992,4,6,3,1,3
2020-06-06 01:19:19.806097,4,6,3,1,3
2020-06-06 01:19:55.435183,4,6,3,1,3
2020-06-06 01:20:30.996097,4,6,3,1,3
2020-06-06 01:21:06.636600,4,6,3,1,3
2020-06-06 01:21:42.335344,3,6,3,1,3
2020-06-06 01:22:17.928436,3,6,3,1,3
2020-06-06 01:22:53.539450,3,6,5,1,3
2020-06-06 01:23:29.199353,3,6,5,1,3
2020-06-06 01:24:05.528341,3,6,6,1,3
2020-06-06 01:24:41.823437,3,6,6,1,3
2020-06-06 01:25:17.403161,3,6,6,1,3
2020-06-06 01:25:52.966624,3,6,6,1,3
2020-06-06 01:26:28.563885,3,6,6,1,3
2020-06-06 01:27:04.236801,3,6,6,1,3
2020-06-06 01:27:39.930167,3,6,6,1,3
2020-06-06 01:28:15.616762,3,6,6,1,3
2020-06-06 01:28:51.246836,3,6,6,1,3
2020-06-06 01:29:26.861823,3,6,6,1,3
2020-06-06 01:30:02.516376,3,6,6,1,3
2020-06-06 01:30:38.120836,3,6,6,1,3
2020-06-06 01:31:13.824761,3,6,6,1,3
2020-06-06 01:31:49.524237,3,6,6,1,3
2020-06-06 01:32:25.086221,3,6,6,1,3
2020-06-06 01:33:00.708789,3,6,6,1,3
2020-06-06 01:33:36.353987,3,6,6,1,3
2020-06-06 01:34:11.965398,3,6,6,1,3
2020-06-06 01:34:47.609746,3,6,6,1,3
2020-06-06 01:36:57.832532,3,6,6,1,3
2020-06-06 01:37:33.438096,3,6,6,1,3
2020-06-06 01:38:09.041381,3,6,6,1,3
2020-06-06 01:38:44.547910,3,6,6,1,3
2020-06-06 01:39:20.068920,3,6,6,1,3
2020-06-06 01:39:55.625008,3,6,6,1,3
2020-06-06 01:40:31.189947,3,6,6,1,3
2020-06-06 01:41:06.903362,3,6,6,1,3
2020-06-06 01:41:42.591507,3,6,6,1,3
2020-06-06 01:42:18.118894,3,6,6,1,3
2020-06-06 01:42:53.586845,3,6,6,1,3
2020-06-06 01:43:29.081437,3,6,6,1,3
2020-06-06 01:44:05.026805,3,6,6,1,3
2020-06-06 01:44:40.978421,3,6,6,1,3
2020-06-06 01:45:16.528805,3,6,6,1,3
2020-06-06 01:45:52.063746,3,6,6,1,3
2020-06-06 01:46:27.564774,3,6,6,1,3
2020-06-06 01:47:03.103271,3,6,6,1,3
2020-06-06 01:47:38.775153,3,6,6,1,3
2020-06-06 01:48:14.433722,3,6,6,1,3
2020-06-06 01:48:49.986522,3,6,6,1,3
2020-06-06 01:49:25.504221,3,6,6,1,3
2020-06-06 01:50:01.036623,3,6,6,1,3
2020-06-06 01:50:36.488379,3,6,6,1,3
2020-06-06 01:51:11.896691,3,6,6,1,3
2020-06-06 01:51:47.311416,3,6,6,1,3
2020-06-06 01:52:22.749840,3,6,6,1,3
2020-06-06 01:52:58.202892,3,6,6,1,3
2020-06-06 01:53:33.624882,3,6,6,1,3
2020-06-06 01:54:09.031599,3,6,6,1,3
2020-06-06 01:54:44.463191,3,6,6,1,3
2020-06-06 01:55:19.878761,3,6,6,1,3
2020-06-06 01:55:55.359216,3,6,6,1,3
2020-06-06 01:56:30.856456,3,6,6,1,3
2020-06-06 01:57:06.248076,3,6,6,1,3
2020-06-06 01:57:41.714095,3,6,6,1,3
2020-06-06 01:58:17.206419,3,6,6,1,3
2020-06-06 01:58:52.675998,3,6,6,1,3
2020-06-06 01:59:28.166385,3,4,6,1,3
2020-06-06 02:00:03.790190,3,4,6,1,3
2020-06-06 02:00:39.413474,3,4,6,1,3
2020-06-06 02:01:14.882374,3,4,6,1,3
2020-06-06 02:01:50.287600,3,4,6,1,3
2020-06-06 02:02:25.722209,3,5,6,1,3
2020-06-06 02:03:01.180837,3,5,6,1,3
2020-06-06 02:03:36.829150,3,5,6,1,3
2020-06-06 02:04:12.582327,3,5,6,1,3
2020-06-06 02:04:48.199448,3,5,6,1,3
2020-06-06 02:05:23.715041,3,5,6,1,3
2020-06-06 02:05:59.387853,3,5,6,1,3
2020-06-06 02:06:35.093200,3,4,6,1,3
2020-06-06 02:07:10.673090,3,3,6,1,3
2020-06-06 02:07:46.222411,3,3,6,1,3
2020-06-06 02:08:21.746164,3,3,6,1,3
2020-06-06 02:08:57.268099,3,3,6,1,3
2020-06-06 02:09:32.778699,3,3,6,1,3
2020-06-06 02:10:08.302111,3,3,6,1,3
2020-06-06 02:10:43.882977,3,3,6,1,3
2020-06-06 02:11:19.440466,3,3,6,1,3
2020-06-06 02:11:54.911036,3,3,6,1,3
2020-06-06 02:12:30.367026,3,3,6,1,3
2020-06-06 02:13:06.026902,3,3,6,1,3
2020-06-06 02:13:41.753006,3,3,6,1,3
2020-06-06 02:14:17.361654,3,3,6,1,3
2020-06-06 02:14:52.934466,3,3,6,1,3
2020-06-06 02:15:28.472248,3,3,6,1,3
2020-06-06 02:16:04.204132,3,3,6,1,3
2020-06-06 02:16:39.838968,3,3,6,1,3
2020-06-06 02:17:15.279188,3,3,6,1,3
2020-06-06 02:17:50.777703,3,3,6,1,3
2020-06-06 02:18:26.294580,3,3,6,1,3
2020-06-06 02:19:01.903477,3,3,6,1,3
2020-06-06 02:19:37.468807,3,3,6,1,3
2020-06-06 02:20:12.985295,3,3,6,1,3
2020-06-06 02:20:48.518099,3,3,6,1,3
2020-06-06 02:21:23.996894,3,3,6,1,4
2020-06-06 02:21:59.642273,3,3,6,1,4
2020-06-06 02:22:35.324780,3,3,6,1,4
2020-06-06 02:23:10.900599,3,3,6,1,4
2020-06-06 02:23:46.510142,3,3,6,1,4
2020-06-06 02:24:22.069675,3,3,6,1,4
2020-06-06 02:24:57.676575,3,3,6,1,4
2020-06-06 02:25:33.309523,3,3,6,1,4
2020-06-06 02:26:08.898638,3,3,6,1,4
2020-06-06 02:26:44.405857,3,3,6,1,4
2020-06-06 02:27:19.924951,3,3,6,1,4
2020-06-06 02:27:55.479549,3,3,6,1,4
2020-06-06 02:28:31.059653,3,3,6,1,4
2020-06-06 02:29:06.610132,3,3,6,1,4
2020-06-06 02:29:42.135893,3,3,6,1,4
2020-06-06 02:30:17.694862,3,2,6,1,4
2020-06-06 02:30:53.269367,3,1,6,1,4
2020-06-06 02:31:28.830126,3,1,6,1,4
2020-06-06 02:32:04.306027,3,1,6,1,4
2020-06-06 02:32:39.824526,3,1,6,1,4
2020-06-06 02:33:15.419112,3,1,6,1,4
2020-06-06 02:33:50.930771,3,1,6,1,4
2020-06-06 02:34:26.462848,3,1,6,1,4
2020-06-06 02:35:02.073309,3,1,6,1,4
2020-06-06 02:35:37.624318,3,1,6,1,4
2020-06-06 02:36:13.634519,3,0,6,1,4
2020-06-06 02:36:49.713594,3,0,6,1,4
2020-06-06 02:37:25.242455,3,0,6,1,4
2020-06-06 02:38:00.783010,3,0,6,1,4
2020-06-06 02:38:36.430490,3,0,6,1,4
2020-06-06 02:39:12.002092,3,0,6,1,4
2020-06-06 02:39:47.487867,3,0,6,1,4
2020-06-06 02:40:22.978027,3,0,6,1,4
2020-06-06 02:40:58.413239,3,0,6,1,4
2020-06-06 02:41:33.872821,3,0,6,1,4
2020-06-06 02:42:09.370953,3,0,6,1,4
2020-06-06 02:42:44.919032,3,0,6,1,4
2020-06-06 02:43:20.491210,3,0,6,1,4
2020-06-06 02:43:56.025483,3,0,6,1,4
2020-06-06 02:44:31.493789,3,0,6,1,4
2020-06-06 02:45:07.044393,3,0,6,1,4
2020-06-06 02:45:42.624798,3,0,6,1,4
2020-06-06 02:46:18.197625,3,0,6,1,4
2020-06-06 02:46:53.738239,3,0,6,1,4
2020-06-06 02:47:29.417132,3,0,6,1,4
2020-06-06 02:48:05.216689,3,0,6,1,4
2020-06-06 02:48:40.911608,3,0,6,1,4
2020-06-06 02:49:16.459324,3,0,6,1,4
2020-06-06 02:49:51.990320,3,0,6,1,4
2020-06-06 02:50:27.524830,3,0,6,1,4
2020-06-06 02:51:03.013067,3,0,6,1,4
2020-06-06 02:51:38.540663,3,0,6,1,4
2020-06-06 02:52:14.042454,3,0,6,1,4
2020-06-06 02:52:49.537916,3,0,6,1,4
2020-06-06 02:53:25.021899,3,0,6,1,4
2020-06-06 02:54:00.503294,3,0,6,1,4
2020-06-06 02:54:35.970926,3,0,6,1,4
2020-06-06 02:55:11.481757,3,0,6,1,4
2020-06-06 02:55:47.031241,3,0,6,1,4
2020-06-06 02:56:22.536162,3,0,6,1,4
2020-06-06 02:56:58.085824,3,0,6,1,4
2020-06-06 02:57:33.567107,3,0,6,1,4
2020-06-06 02:58:09.593223,3,0,6,1,4
2020-06-06 02:58:45.584019,3,0,6,1,4
2020-06-06 02:59:20.990579,3,0,6,1,4
2020-06-06 02:59:56.503320,3,0,6,1,4
2020-06-06 03:00:32.114443,3,0,6,1,4
2020-06-06 03:01:07.871770,3,0,6,1,4
2020-06-06 03:01:43.607794,3,0,6,1,4
2020-06-06 03:02:19.114958,3,0,6,1,4
2020-06-06 03:02:54.635217,3,0,6,1,4
2020-06-06 03:03:30.184482,3,0,6,1,4
2020-06-06 03:04:05.947036,3,0,6,1,4
2020-06-06 03:04:41.700032,3,0,6,1,4
2020-06-06 03:05:17.222994,3,0,6,1,4
2020-06-06 03:05:52.843356,3,0,6,1,4
2020-06-06 03:06:28.468469,3,0,6,1,4
2020-06-06 03:07:04.104323,3,0,6,1,4
2020-06-06 03:07:39.719688,3,0,6,1,4
2020-06-06 03:08:15.266159,3,0,6,1,4
2020-06-06 03:08:50.793640,3,0,6,1,4
2020-06-06 03:09:26.311887,3,0,6,1,4
2020-06-06 03:10:01.895720,3,0,6,1,4
2020-06-06 03:10:37.488787,3,0,6,1,4
2020-06-06 03:11:13.012240,3,0,6,1,4
2020-06-06 03:11:48.552251,3,0,6,1,4
2020-06-06 03:12:24.085054,3,0,6,1,4
2020-06-06 03:12:59.620574,3,0,6,1,4
2020-06-06 03:13:35.115601,3,0,6,1,4
2020-06-06 03:14:10.569022,3,0,6,1,4
2020-06-06 03:14:46.005138,3,0,6,1,4
2020-06-06 03:15:21.456220,3,0,6,1,4
2020-06-06 03:15:56.938149,3,0,6,1,4
2020-06-06 03:16:32.434211,3,0,6,1,4
2020-06-06 03:17:08.103495,3,0,6,1,4
2020-06-06 03:17:43.835120,3,0,6,1,4
2020-06-06 03:18:19.387823,3,0,6,1,4
2020-06-06 03:18:54.864862,3,0,6,1,4
2020-06-06 03:19:30.378363,3,0,6,1,4
2020-06-06 03:20:05.870073,3,0,6,1,4
2020-06-06 03:20:41.465327,3,0,6,2,4
2020-06-06 03:21:17.043727,3,0,6,2,4
2020-06-06 03:21:52.537411,3,0,6,2,4
2020-06-06 03:22:28.057566,3,0,6,2,4
2020-06-06 03:23:03.557447,3,0,6,2,4
2020-06-06 03:23:39.077446,3,0,6,2,4
2020-06-06 03:24:14.657139,3,0,6,2,4
2020-06-06 03:24:50.287104,3,0,6,2,4
2020-06-06 03:25:25.878137,3,0,6,2,4
2020-06-06 03:26:01.496385,3,0,6,2,4
2020-06-06 03:26:37.130214,3,0,6,2,4
2020-06-06 03:27:12.695208,3,0,6,2,4
2020-06-06 03:27:48.152095,3,0,6,2,4
2020-06-06 03:28:23.584262,3,0,6,2,4
2020-06-06 03:28:58.995081,3,0,6,2,4
2020-06-06 03:29:34.466777,3,0,6,2,4
2020-06-06 03:30:10.061372,3,0,6,2,4
2020-06-06 03:30:45.703324,3,0,6,2,4
2020-06-06 03:31:21.354382,3,0,6,2,4
2020-06-06 03:31:56.863716,3,0,6,2,4
2020-06-06 03:32:32.215774,3,0,6,2,4
2020-06-06 03:33:07.623550,3,0,6,2,4
2020-06-06 03:33:43.147485,3,0,6,2,4
2020-06-06 03:34:18.706349,3,0,6,2,4
2020-06-06 03:34:54.221988,3,0,6,2,4
2020-06-06 03:35:29.759168,3,0,6,2,4
2020-06-06 03:36:05.565214,3,0,6,2,4
2020-06-06 03:36:41.341932,3,0,6,2,4
2020-06-06 03:37:16.819602,3,0,6,2,4
2020-06-06 03:37:52.361264,3,0,6,2,4
2020-06-06 03:38:27.902735,3,0,6,2,4
2020-06-06 03:39:03.450550,3,0,6,2,4
2020-06-06 03:39:39.054134,3,0,6,2,4
2020-06-06 03:40:14.618029,3,0,6,2,4
2020-06-06 03:40:50.180878,3,0,6,2,4
2020-06-06 03:41:25.722188,3,0,6,2,4
2020-06-06 03:42:01.210397,3,0,6,2,4
2020-06-06 03:42:36.700101,3,0,6,2,4
2020-06-06 03:43:12.253702,3,0,6,2,4
2020-06-06 03:43:47.768234,3,0,6,2,4
2020-06-06 03:44:23.287446,3,0,6,2,4
2020-06-06 03:44:58.845252,3,0,6,2,4
2020-06-06 03:45:34.356865,3,0,6,2,4
2020-06-06 03:46:09.870233,3,0,6,2,4
2020-06-06 03:46:45.404688,3,0,6,2,4
2020-06-06 03:47:20.936283,3,0,6,2,4
2020-06-06 03:47:56.401022,3,0,6,2,4
2020-06-06 03:48:31.886066,3,0,6,2,4
2020-06-06 03:49:09.924334,3,0,6,2,4
2020-06-06 03:49:47.926825,3,0,6,2,4
2020-06-06 03:50:23.412292,3,0,6,2,4
2020-06-06 03:50:58.890683,3,0,6,2,4
2020-06-06 03:51:34.362659,3,0,6,2,4
2020-06-06 03:52:09.840189,3,0,6,2,4
2020-06-06 03:52:45.377691,3,0,6,2,4
2020-06-06 03:53:21.021703,3,0,6,2,4
2020-06-06 03:53:56.598201,3,0,6,2,4
2020-06-06 03:54:32.059243,3,0,6,2,4
2020-06-06 03:55:07.782235,3,0,6,2,4
2020-06-06 03:55:43.482880,3,0,6,2,4
2020-06-06 03:56:19.136528,3,0,6,2,4
2020-06-06 03:56:54.794453,3,0,6,2,4
2020-06-06 03:57:30.304743,3,0,6,2,4
2020-06-06 03:58:06.004118,3,0,6,2,4
2020-06-06 03:58:41.676477,3,0,6,2,4
2020-06-06 03:59:17.180295,3,0,6,2,4
2020-06-06 03:59:52.661901,3,0,6,2,4
2020-06-06 04:00:28.194645,3,0,6,2,4
2020-06-06 04:01:03.854427,3,0,6,2,4
2020-06-06 04:01:39.480909,3,0,6,2,4
2020-06-06 04:02:15.031904,3,0,6,2,4
2020-06-06 04:02:50.577760,3,0,6,2,4
2020-06-06 04:03:26.614833,3,0,6,2,4
2020-06-06 04:04:02.735559,3,0,6,2,4
2020-06-06 04:04:38.385721,3,0,6,2,4
2020-06-06 04:05:13.990936,3,0,6,2,4
2020-06-06 04:05:49.665696,3,0,6,2,4
2020-06-06 04:06:25.269191,3,0,6,2,4
2020-06-06 04:07:00.801040,3,0,6,2,4
2020-06-06 04:07:36.418823,3,0,6,2,4
2020-06-06 04:08:12.005089,3,0,6,2,4
2020-06-06 04:08:47.524811,3,0,6,2,4
2020-06-06 04:09:23.025301,3,0,6,2,4
2020-06-06 04:09:58.527082,3,0,6,2,4
2020-06-06 04:10:34.073322,3,0,6,2,4
2020-06-06 04:11:09.682209,3,0,6,2,4
2020-06-06 04:11:45.203033,3,0,6,2,4
2020-06-06 04:12:20.781225,3,0,6,2,4
2020-06-06 04:12:56.378416,3,0,6,2,4
2020-06-06 04:13:31.878160,3,0,6,2,4
2020-06-06 04:14:07.506380,3,0,6,2,4
2020-06-06 04:14:43.165202,3,0,6,2,4
2020-06-06 04:15:18.665787,3,0,6,2,4
2020-06-06 04:15:54.317673,3,0,6,2,4
2020-06-06 04:16:29.985414,3,0,6,2,4
2020-06-06 04:17:06.576411,3,0,6,2,4
2020-06-06 04:17:43.208568,3,0,6,2,4
2020-06-06 04:18:18.763406,3,0,6,2,4
2020-06-06 04:18:54.233269,3,0,6,2,4
2020-06-06 04:19:29.889993,3,0,6,2,4
2020-06-06 04:20:05.656125,3,0,6,2,4
2020-06-06 04:20:41.366604,3,0,6,2,4
2020-06-06 04:21:17.021314,3,0,6,2,4
2020-06-06 04:21:52.592141,3,0,6,2,4
2020-06-06 04:22:28.088016,3,0,6,2,4
2020-06-06 04:23:03.718548,3,0,6,2,4
2020-06-06 04:23:39.368111,3,0,6,2,4
2020-06-06 04:24:14.898224,3,0,6,2,4
2020-06-06 04:24:50.399415,3,0,6,2,4
2020-06-06 04:25:25.859475,3,0,6,2,4
2020-06-06 04:26:01.527794,3,0,6,2,4
2020-06-06 04:26:37.262830,3,0,6,2,4
2020-06-06 04:27:12.850288,3,0,6,2,4
2020-06-06 04:27:48.351681,3,0,6,2,4
2020-06-06 04:28:23.893289,3,0,6,2,4
2020-06-06 04:28:59.438306,3,0,6,2,4
2020-06-06 04:29:35.097620,3,0,6,2,4
2020-06-06 04:30:10.857776,3,0,6,2,4
2020-06-06 04:30:46.526340,3,0,6,2,4
2020-06-06 04:31:22.101356,3,0,6,2,4
2020-06-06 04:31:57.662715,3,0,6,2,4
2020-06-06 04:32:33.209923,3,0,6,2,4
2020-06-06 04:33:08.815058,3,0,6,2,4
2020-06-06 04:33:44.397439,3,0,6,2,4
2020-06-06 04:34:19.876777,3,0,6,2,4
2020-06-06 04:34:55.369848,3,0,6,2,4
2020-06-06 04:35:30.919356,3,0,6,2,4
2020-06-06 04:36:06.561684,3,0,6,2,4
2020-06-06 04:36:42.167857,3,0,6,2,4
2020-06-06 04:37:17.682981,3,0,6,2,4
2020-06-06 04:37:53.214277,3,0,6,2,4
2020-06-06 04:38:28.765975,3,0,6,2,4
2020-06-06 04:39:04.367465,3,0,6,2,4
2020-06-06 04:39:39.966147,3,0,6,2,4
2020-06-06 04:40:15.436031,3,0,6,2,4
2020-06-06 04:40:50.899165,3,0,6,2,4
2020-06-06 04:41:26.375656,3,0,6,2,4
2020-06-06 04:42:01.924044,3,0,6,2,4
2020-06-06 04:42:37.429073,3,0,6,2,4
2020-06-06 04:43:12.896586,3,0,6,2,4
2020-06-06 04:43:48.360579,3,0,6,2,4
2020-06-06 04:44:23.800328,3,0,6,2,4
2020-06-06 04:44:59.805257,3,0,6,2,4
2020-06-06 04:47:07.824807,3,0,6,2,4
2020-06-06 04:47:43.337142,3,0,6,2,4
2020-06-06 04:48:18.811835,3,0,6,2,4
2020-06-06 04:48:54.305005,3,0,6,2,4
2020-06-06 04:49:29.774838,3,0,6,2,4
2020-06-06 04:50:05.356587,3,0,6,2,4
2020-06-06 04:50:40.982494,3,0,6,2,4
2020-06-06 04:51:16.608500,3,0,6,2,4
2020-06-06 04:51:52.157212,3,0,6,2,4
2020-06-06 04:52:27.550796,3,0,7,2,4
2020-06-06 04:53:03.006075,3,0,7,2,4
2020-06-06 04:53:38.507789,3,0,7,2,4
2020-06-06 04:54:14.071329,3,0,7,2,4
2020-06-06 04:54:49.623361,3,0,7,2,4
2020-06-06 04:55:25.133742,3,0,7,2,4
2020-06-06 04:56:00.673602,3,0,7,2,4
2020-06-06 04:56:36.129608,3,0,7,2,4
2020-06-06 04:57:11.646148,3,0,7,2,4
2020-06-06 04:57:47.264567,3,0,7,2,4
2020-06-06 04:58:22.791300,3,0,7,2,4
2020-06-06 04:58:58.317029,3,0,7,2,4
2020-06-06 04:59:33.830159,3,0,7,2,4
2020-06-06 05:00:09.311665,3,0,7,2,4
2020-06-06 05:00:44.843262,3,0,7,2,4
2020-06-06 05:01:20.391961,3,0,7,2,4
2020-06-06 05:01:55.975592,3,0,7,2,4
2020-06-06 05:02:31.489775,3,0,7,2,4
2020-06-06 05:03:06.982474,3,0,7,2,4
2020-06-06 05:03:42.579996,3,0,7,2,4
2020-06-06 05:04:18.222642,3,0,7,2,4
2020-06-06 05:04:53.777802,3,0,7,2,4
2020-06-06 05:05:29.219878,3,0,7,2,4
2020-06-06 05:06:04.951368,3,0,7,2,4
2020-06-06 05:06:40.747621,3,0,7,2,4
2020-06-06 05:07:16.298380,3,0,7,2,4
2020-06-06 05:07:51.792121,3,0,7,2,4
2020-06-06 05:08:27.259220,3,0,7,2,4
2020-06-06 05:09:02.678932,3,0,7,2,4
2020-06-06 05:09:38.161865,3,0,7,2,4
2020-06-06 05:10:13.716584,3,0,7,2,4
2020-06-06 05:10:49.344007,3,0,7,2,4
2020-06-06 05:11:24.945244,3,0,7,2,4
2020-06-06 05:12:00.455087,3,0,7,2,4
2020-06-06 05:12:35.976592,3,0,7,2,4
2020-06-06 05:13:11.512359,3,0,7,2,4
2020-06-06 05:13:47.142847,3,0,7,2,4
2020-06-06 05:14:22.703140,3,0,7,2,4
2020-06-06 05:14:58.246620,3,0,7,2,4
2020-06-06 05:15:33.856646,3,0,7,2,4
2020-06-06 05:16:09.422790,3,0,7,2,4
2020-06-06 05:16:44.915369,3,0,7,2,4
2020-06-06 05:17:20.444333,3,0,7,2,4
2020-06-06 05:17:56.039070,3,0,7,2,4
2020-06-06 05:18:31.576855,3,0,7,2,4
2020-06-06 05:19:07.089878,3,0,7,2,4
2020-06-06 05:19:42.636761,3,0,7,2,4
2020-06-06 05:20:18.143885,3,0,7,2,4
2020-06-06 05:20:53.734107,3,0,7,2,4
2020-06-06 05:21:29.495255,3,0,7,2,4
2020-06-06 05:22:05.392422,3,0,7,2,4
2020-06-06 05:22:41.238225,3,0,7,2,4
2020-06-06 05:23:16.890510,3,0,7,2,4
2020-06-06 05:23:52.553944,3,0,7,2,4
2020-06-06 05:24:28.174152,3,0,7,2,4
2020-06-06 05:25:03.738860,3,0,7,2,4
2020-06-06 05:25:39.409260,3,0,7,2,4
2020-06-06 05:26:15.238503,3,0,7,2,4
2020-06-06 05:26:50.919565,3,0,7,2,4
2020-06-06 05:27:26.449017,3,0,7,2,4
2020-06-06 05:28:02.094709,3,0,7,2,4
2020-06-06 05:28:37.766098,3,0,7,2,4
2020-06-06 05:29:13.391203,3,0,7,2,4
2020-06-06 05:29:48.998324,3,0,7,2,4
2020-06-06 05:30:24.557297,3,0,7,2,4
2020-06-06 05:31:00.133933,3,0,7,2,4
2020-06-06 05:31:35.745991,3,0,7,2,4
2020-06-06 05:32:11.340719,3,0,7,2,4
2020-06-06 05:32:46.984774,3,0,7,2,4
2020-06-06 05:33:22.608499,3,0,7,2,4
2020-06-06 05:33:58.252375,3,0,7,2,4
2020-06-06 05:34:33.892817,3,0,7,2,4
2020-06-06 05:35:09.436806,3,0,7,2,4
2020-06-06 05:35:44.988574,3,0,7,2,4
2020-06-06 05:36:20.646261,3,0,7,2,4
2020-06-06 05:36:56.349545,3,0,7,2,4
2020-06-06 05:37:31.961258,3,0,7,2,4
2020-06-06 05:38:07.565827,3,0,7,2,4
2020-06-06 05:38:43.259757,3,0,7,2,4
2020-06-06 05:39:18.890550,3,0,7,2,4
2020-06-06 05:39:54.441213,3,0,7,2,4
2020-06-06 05:40:30.021743,3,0,7,2,4
2020-06-06 05:41:05.827406,3,0,7,2,4
2020-06-06 05:41:41.657097,3,0,7,2,4
2020-06-06 05:42:17.188546,3,0,7,2,4
2020-06-06 05:42:52.686541,3,0,7,2,4
2020-06-06 05:43:28.184712,3,0,7,2,4
2020-06-06 05:44:04.304204,3,0,7,2,4
2020-06-06 05:44:40.389669,3,0,7,2,4
2020-06-06 05:45:15.908064,3,0,7,2,4
2020-06-06 05:45:51.671207,3,0,7,2,4
2020-06-06 05:46:27.458918,3,0,7,2,4
2020-06-06 05:47:03.171399,3,0,7,2,4
2020-06-06 05:47:38.837373,3,0,7,2,4
2020-06-06 05:48:14.411606,3,0,7,2,4
2020-06-06 05:48:50.094670,3,0,7,2,4
2020-06-06 05:49:25.791811,3,0,7,2,4
2020-06-06 05:50:01.503350,3,0,7,2,4
2020-06-06 05:50:37.183461,3,0,7,2,4
2020-06-06 05:51:12.860117,3,0,7,2,4
2020-06-06 05:51:48.458929,3,0,7,2,4
2020-06-06 05:52:24.053658,3,0,7,2,4
2020-06-06 05:52:59.673704,3,0,7,2,4
2020-06-06 05:53:35.284498,3,0,7,2,4
2020-06-06 05:54:10.918695,3,0,7,2,4
2020-06-06 05:54:46.536371,3,0,7,2,4
2020-06-06 05:55:22.110760,3,0,7,2,4
2020-06-06 05:55:57.720101,3,0,7,2,4
2020-06-06 05:56:33.340078,3,0,7,2,4
2020-06-06 05:57:08.888210,3,0,7,2,4
2020-06-06 05:57:44.461491,3,0,7,2,4
2020-06-06 05:58:20.100300,3,0,7,2,4
2020-06-06 05:58:55.765474,3,0,7,2,4
2020-06-06 05:59:31.441537,3,0,7,2,4
2020-06-06 06:00:07.223373,3,0,7,2,4
2020-06-06 06:00:42.968480,3,0,7,2,4
2020-06-06 06:01:18.608824,3,0,7,2,4
2020-06-06 06:01:54.280686,3,0,7,2,4
2020-06-06 06:02:29.988306,3,0,7,2,4
2020-06-06 06:03:05.673280,3,0,7,2,4
2020-06-06 06:03:41.313587,3,0,7,2,4
2020-06-06 06:04:16.899375,3,0,7,2,4
2020-06-06 06:04:52.518411,3,0,7,2,4
2020-06-06 06:05:28.116387,3,0,7,2,4
2020-06-06 06:06:03.796504,3,0,7,2,4
2020-06-06 06:06:39.620912,3,0,7,2,4
2020-06-06 06:07:15.339863,3,0,7,2,4
2020-06-06 06:07:50.958355,3,0,7,2,4
2020-06-06 06:08:26.593336,3,0,7,2,4
2020-06-06 06:09:02.255432,3,0,7,2,4
2020-06-06 06:09:37.825318,3,0,7,2,4
2020-06-06 06:10:13.404283,3,0,7,2,4
2020-06-06 06:10:48.967710,3,0,7,2,4
2020-06-06 06:11:24.583320,3,0,7,2,4
2020-06-06 06:12:00.196328,3,0,7,2,4
2020-06-06 06:12:35.729336,3,0,7,2,4
2020-06-06 06:13:11.278574,3,0,7,2,4
2020-06-06 06:13:46.897289,3,0,7,2,4
2020-06-06 06:14:22.489928,3,0,7,2,4
2020-06-06 06:14:58.037956,3,0,7,2,4
2020-06-06 06:15:33.593182,3,0,7,2,4
2020-06-06 06:16:09.149741,3,0,7,2,4
2020-06-06 06:16:44.717401,3,0,7,2,4
2020-06-06 06:17:20.285774,3,0,7,2,4
2020-06-06 06:17:55.838417,3,0,7,2,4
2020-06-06 06:18:31.381401,3,0,7,2,4
2020-06-06 06:19:06.940046,3,0,7,2,4
2020-06-06 06:19:42.490445,3,0,7,2,4
2020-06-06 06:20:18.057277,3,0,7,2,4
2020-06-06 06:20:53.676355,3,0,7,2,4
2020-06-06 06:21:29.291656,3,0,7,2,4
2020-06-06 06:22:05.351239,3,0,7,2,4
2020-06-06 06:22:41.462577,3,0,7,2,4
2020-06-06 06:23:17.057823,3,0,7,2,4
2020-06-06 06:23:52.557337,3,0,7,2,4
2020-06-06 06:24:28.134695,3,0,7,2,4
2020-06-06 06:25:03.810969,3,0,7,2,4
2020-06-06 06:25:39.564906,3,0,7,2,4
2020-06-06 06:26:15.310782,3,0,7,2,4
2020-06-06 06:26:50.994542,3,0,7,2,4
2020-06-06 06:27:26.677120,3,0,7,2,4
2020-06-06 06:28:02.340879,3,0,7,2,4
2020-06-06 06:28:37.923269,3,0,7,2,4
2020-06-06 06:29:13.555629,3,0,7,2,4
2020-06-06 06:29:49.223558,3,0,7,2,4
2020-06-06 06:30:24.848557,3,0,7,2,4
2020-06-06 06:31:00.513590,3,0,7,2,4
2020-06-06 06:31:36.205837,3,0,7,2,4
2020-06-06 06:32:11.853318,3,0,7,2,4
2020-06-06 06:32:47.490491,3,0,7,2,4
2020-06-06 06:33:23.069243,3,0,7,2,4
2020-06-06 06:33:58.583257,3,0,7,2,4
2020-06-06 06:34:34.174005,3,0,7,2,4
2020-06-06 06:35:09.854568,3,0,7,2,4
2020-06-06 06:35:45.544543,3,0,7,2,4
2020-06-06 06:36:21.215560,3,0,7,2,4
2020-06-06 06:36:56.798014,3,0,7,2,4
2020-06-06 06:37:32.376641,3,0,7,2,4
2020-06-06 06:38:08.101784,3,0,7,2,4
2020-06-06 06:38:43.829340,3,0,7,2,4
2020-06-06 06:39:19.432075,3,0,7,2,4
2020-06-06 06:39:55.096405,3,0,7,2,4
2020-06-06 06:40:30.806530,3,0,7,2,4
2020-06-06 06:41:06.596621,3,0,7,2,4
2020-06-06 06:41:42.442142,3,0,7,2,4
2020-06-06 06:42:18.164374,3,0,7,2,4
2020-06-06 06:42:53.821977,3,0,7,2,4
2020-06-06 06:43:29.416089,3,0,7,2,4
2020-06-06 06:44:05.013576,3,0,7,2,4
2020-06-06 06:44:40.603339,3,0,7,2,4
2020-06-06 06:45:16.153608,3,0,7,2,4
2020-06-06 06:45:51.730152,3,0,7,2,4
2020-06-06 06:46:27.355764,3,0,7,2,4
2020-06-06 06:47:03.152243,3,0,7,2,4
2020-06-06 06:47:38.890612,3,0,7,2,4
2020-06-06 06:48:14.504723,3,0,7,2,4
2020-06-06 06:48:50.109076,3,0,7,2,4
2020-06-06 06:49:25.686760,3,0,7,2,4
2020-06-06 06:50:01.259638,3,0,7,2,4
2020-06-06 06:50:36.881651,3,0,7,2,4
2020-06-06 06:51:12.527561,3,0,7,2,4
2020-06-06 06:51:48.157726,3,0,7,2,4
2020-06-06 06:52:23.783281,3,0,7,2,4
2020-06-06 06:52:59.412438,3,0,7,2,4
2020-06-06 06:53:35.062398,3,0,7,2,4
2020-06-06 06:54:10.761149,3,0,7,2,4
2020-06-06 06:54:46.354644,3,0,7,2,4
2020-06-06 06:55:21.938877,3,0,7,2,4
2020-06-06 06:55:57.527535,3,0,7,2,4
2020-06-06 06:56:33.056535,3,0,7,2,4
2020-06-06 06:57:08.738326,3,0,7,2,4
2020-06-06 06:57:44.562585,3,0,7,2,4
2020-06-06 06:58:20.294910,3,0,7,2,4
2020-06-06 06:58:55.911554,3,0,7,2,4
2020-06-06 06:59:31.505819,3,0,7,2,4
2020-06-06 07:00:07.216959,3,0,7,2,4
2020-06-06 07:00:42.886706,3,0,7,2,4
2020-06-06 07:01:18.493145,3,0,7,2,4
2020-06-06 07:01:54.196133,3,0,7,2,4
2020-06-06 07:02:29.802251,3,0,7,2,4
2020-06-06 07:03:05.335366,3,0,7,2,4
2020-06-06 07:03:40.992571,3,0,7,2,4
2020-06-06 07:04:16.676361,3,0,7,2,4
2020-06-06 07:04:52.306792,3,0,7,2,4
2020-06-06 07:05:27.912327,3,0,7,2,4
2020-06-06 07:06:03.702309,3,0,7,2,4
2020-06-06 07:06:39.520953,3,0,7,2,4
2020-06-06 07:07:15.111207,3,0,7,2,4
2020-06-06 07:07:50.728879,3,0,7,2,4
2020-06-06 07:08:26.258677,3,0,7,2,4
2020-06-06 07:09:01.805275,3,0,7,2,4
2020-06-06 07:09:37.473238,3,0,7,2,4
2020-06-06 07:10:13.126284,3,0,7,2,4
2020-06-06 07:10:48.694664,3,0,7,2,4
2020-06-06 07:11:24.207926,3,0,7,2,4
2020-06-06 07:11:59.787136,3,0,7,2,4
2020-06-06 07:12:35.566057,3,0,7,2,4
2020-06-06 07:13:11.336344,3,0,7,2,4
2020-06-06 07:13:46.915516,3,0,7,2,4
2020-06-06 07:14:22.570611,3,0,7,2,4
2020-06-06 07:14:58.185272,3,0,7,2,4
2020-06-06 07:15:33.751471,3,0,7,2,4
2020-06-06 07:16:09.337797,3,0,7,2,4
2020-06-06 07:16:44.905032,3,0,7,2,4
2020-06-06 07:17:20.532049,3,0,7,2,4
2020-06-06 07:17:56.240978,3,0,7,2,4
2020-06-06 07:18:31.909534,3,0,7,2,4
2020-06-06 07:19:07.653159,3,0,7,2,4
2020-06-06 07:19:43.422030,3,0,7,2,4
2020-06-06 07:20:19.111715,3,0,7,2,4
2020-06-06 07:20:54.762737,3,0,7,2,4
2020-06-06 07:21:30.326426,3,0,7,2,4
2020-06-06 07:22:05.994112,3,0,7,2,4
2020-06-06 07:22:41.675654,3,0,7,2,4
2020-06-06 07:23:17.292155,3,0,7,2,4
2020-06-06 07:23:52.983940,3,0,7,2,4
2020-06-06 07:24:28.625938,3,0,7,2,4
2020-06-06 07:25:04.293490,3,0,7,2,4
2020-06-06 07:25:39.946287,3,0,7,2,4
2020-06-06 07:26:15.585706,3,0,7,2,4
2020-06-06 07:26:51.248046,3,0,7,2,4
2020-06-06 07:27:26.870695,3,0,7,2,4
2020-06-06 07:28:02.611273,3,0,7,2,4
2020-06-06 07:28:38.343022,3,0,7,2,4
2020-06-06 07:29:13.907797,3,0,7,2,4
2020-06-06 07:29:49.472732,3,0,7,2,4
2020-06-06 07:30:25.019727,3,0,7,2,4
2020-06-06 07:31:00.614084,3,0,7,2,4
2020-06-06 07:31:36.280432,3,0,7,2,4
2020-06-06 07:32:11.850565,3,0,7,2,4
2020-06-06 07:32:47.401978,3,0,7,2,4
2020-06-06 07:33:22.974236,3,0,7,2,4
2020-06-06 07:33:58.563416,3,0,7,2,4
2020-06-06 07:34:34.140833,3,0,7,2,4
2020-06-06 07:35:09.718429,3,0,7,2,4
2020-06-06 07:35:45.272719,3,0,7,2,4
2020-06-06 07:36:20.884373,3,0,7,2,4
2020-06-06 07:36:56.586162,3,0,7,2,4
2020-06-06 07:37:32.285769,3,0,7,2,4
2020-06-06 07:38:08.162082,3,0,7,2,4
2020-06-06 07:38:43.956364,3,0,7,2,4
2020-06-06 07:39:19.622639,3,0,7,2,4
2020-06-06 07:39:55.444635,3,0,6,2,4
2020-06-06 07:40:31.219662,3,0,6,2,4
2020-06-06 07:41:06.918227,3,0,6,2,4
2020-06-06 07:41:42.626367,3,0,6,2,4
2020-06-06 07:42:18.328535,3,0,6,2,4
2020-06-06 07:42:54.084648,3,0,6,2,4
2020-06-06 07:43:29.786833,3,0,6,2,4
2020-06-06 07:44:05.624649,3,0,6,2,4
2020-06-06 07:44:41.427620,3,0,6,2,4
2020-06-06 07:45:17.110139,3,0,6,2,4
2020-06-06 07:45:52.753705,3,0,6,2,4
2020-06-06 07:46:28.478279,3,0,6,2,4
2020-06-06 07:47:04.202149,3,0,6,2,4
2020-06-06 07:47:39.799637,3,0,6,2,4
2020-06-06 07:48:15.520069,3,0,6,2,4
2020-06-06 07:48:51.293962,3,0,6,2,4
2020-06-06 07:49:27.021482,3,0,6,2,4
2020-06-06 07:50:02.992743,3,0,6,2,4
2020-06-06 07:50:39.005726,3,0,6,2,4
2020-06-06 07:51:14.786600,3,0,6,2,4
2020-06-06 07:51:50.529963,3,0,6,2,4
2020-06-06 07:52:26.239496,3,0,6,2,4
2020-06-06 07:53:01.945230,3,0,6,2,4
2020-06-06 07:53:37.627474,3,0,6,2,4
2020-06-06 07:54:13.329135,3,0,6,2,4
2020-06-06 07:54:49.021172,3,0,6,2,4
2020-06-06 07:55:24.686848,3,0,6,2,4
2020-06-06 07:56:00.415091,3,0,6,2,4
2020-06-06 07:56:36.164961,3,0,6,2,4
2020-06-06 07:57:11.878236,3,0,6,2,4
2020-06-06 07:57:47.607358,3,0,6,2,4
2020-06-06 07:58:23.237967,3,0,6,2,4
2020-06-06 07:58:58.789437,3,0,6,2,4
2020-06-06 07:59:34.324190,3,0,6,2,4
2020-06-06 08:00:09.869605,3,0,6,2,4
2020-06-06 08:00:45.461776,3,0,6,2,4
2020-06-06 08:01:21.149552,3,0,6,2,4
2020-06-06 08:01:56.794785,3,0,6,2,4
2020-06-06 08:02:32.428341,3,0,6,2,4
2020-06-06 08:03:08.143209,3,0,6,2,4
2020-06-06 08:03:43.824131,3,0,6,2,4
2020-06-06 08:04:19.582531,3,0,6,2,4
2020-06-06 08:04:55.316791,3,0,6,2,4
2020-06-06 08:05:30.910398,3,0,6,2,4
2020-06-06 08:06:06.675971,3,0,6,2,4
2020-06-06 08:06:42.481215,3,0,6,2,4
2020-06-06 08:07:18.195650,3,0,6,2,4
2020-06-06 08:07:53.835138,3,0,6,2,3
2020-06-06 08:08:29.488917,3,0,6,2,3
2020-06-06 08:09:05.154365,3,0,6,2,3
2020-06-06 08:09:40.740289,3,0,6,2,3
2020-06-06 08:10:16.273737,3,0,6,2,3
2020-06-06 08:10:52.027194,3,0,6,2,3
2020-06-06 08:11:27.836782,3,0,6,2,3
2020-06-06 08:12:03.447914,3,0,6,2,3
2020-06-06 08:12:39.083594,3,0,6,2,3
2020-06-06 08:13:14.757596,3,0,6,2,3
2020-06-06 08:13:50.408138,3,0,6,2,3
2020-06-06 08:14:25.999712,3,0,6,2,3
2020-06-06 08:15:01.638282,3,0,6,2,3
2020-06-06 08:15:37.307065,3,0,6,2,3
2020-06-06 08:16:12.989496,3,0,6,2,3
2020-06-06 08:16:48.587277,3,0,6,2,3
2020-06-06 08:17:24.111434,3,0,6,2,3
2020-06-06 08:17:59.793210,3,0,6,2,3
2020-06-06 08:18:35.501007,3,0,6,2,3
2020-06-06 08:19:11.128086,3,0,6,2,3
2020-06-06 08:19:46.676276,3,0,6,2,3
2020-06-06 08:20:22.249658,3,0,6,2,3
2020-06-06 08:20:57.831520,3,0,6,2,3
2020-06-06 08:21:33.899256,3,0,6,2,3
2020-06-06 08:22:10.174347,3,0,6,2,3
2020-06-06 08:24:16.874676,3,0,6,2,3
2020-06-06 08:24:52.607001,3,0,6,2,3
2020-06-06 08:25:28.330875,3,0,6,2,3
2020-06-06 08:26:04.050345,3,0,6,2,3
2020-06-06 08:26:39.858301,3,0,6,2,3
2020-06-06 08:27:15.643322,3,0,6,2,3
2020-06-06 08:27:51.446167,3,0,6,2,3
2020-06-06 08:28:27.235747,3,0,6,2,3
2020-06-06 08:29:02.940408,3,0,6,2,3
2020-06-06 08:29:38.677716,3,0,6,2,3
2020-06-06 08:30:14.338643,3,0,6,2,3
2020-06-06 08:30:50.044787,3,0,6,2,3
2020-06-06 08:31:25.825983,3,0,6,2,3
2020-06-06 08:32:01.614241,3,0,6,2,3
2020-06-06 08:32:37.387992,3,0,6,2,3
2020-06-06 08:33:13.167849,3,0,6,2,3
2020-06-06 08:33:48.937328,3,0,6,2,3
2020-06-06 08:34:24.687892,3,0,6,2,3
2020-06-06 08:35:00.483527,3,0,6,2,3
2020-06-06 08:35:36.417180,3,0,6,2,3
2020-06-06 08:36:12.380596,3,0,6,2,3
2020-06-06 08:36:48.190939,3,0,6,2,3
2020-06-06 08:37:23.870133,3,0,6,2,3
2020-06-06 08:37:59.507663,3,0,6,2,3
2020-06-06 08:38:35.349463,3,0,6,2,3
2020-06-06 08:39:11.208948,3,0,6,2,3
2020-06-06 08:39:46.868341,3,0,6,2,3
2020-06-06 08:40:22.488930,3,0,6,2,3
2020-06-06 08:40:58.142005,3,0,6,2,3
2020-06-06 08:41:33.848499,3,0,6,2,3
2020-06-06 08:42:09.553931,3,0,6,2,3
2020-06-06 08:42:45.234572,3,0,6,2,3
2020-06-06 08:43:20.923005,3,0,6,2,3
2020-06-06 08:43:56.574816,3,0,6,2,3
2020-06-06 08:44:32.221742,3,0,6,2,3
2020-06-06 08:45:08.009096,3,0,6,2,3
2020-06-06 08:45:43.803999,3,0,6,2,3
2020-06-06 08:46:19.564004,3,0,6,2,3
2020-06-06 08:46:55.334893,3,0,6,2,3
2020-06-06 08:47:31.147123,3,0,6,2,3
2020-06-06 08:48:07.025515,3,0,6,2,3
2020-06-06 08:48:42.835273,3,0,6,2,3
2020-06-06 08:49:18.446871,3,0,6,2,3
2020-06-06 08:49:54.118434,3,0,6,2,3
2020-06-06 08:50:29.866065,3,0,6,2,3
2020-06-06 08:51:05.759030,3,0,6,2,3
2020-06-06 08:51:41.576473,3,0,6,2,3
2020-06-06 08:52:17.332555,3,0,6,2,3
2020-06-06 08:52:53.064262,3,0,6,2,3
2020-06-06 08:53:28.746168,3,0,6,2,3
2020-06-06 08:54:04.489105,3,0,6,2,3
2020-06-06 08:54:40.208143,3,0,6,2,3
2020-06-06 08:55:15.869824,3,0,6,2,3
2020-06-06 08:55:51.565320,3,0,6,2,3
2020-06-06 08:56:27.276821,3,0,6,2,3
2020-06-06 08:57:03.037312,3,0,6,2,3
2020-06-06 08:57:38.821946,3,0,6,2,3
2020-06-06 08:58:14.609260,3,0,6,2,3
2020-06-06 08:58:50.396602,3,0,6,2,3
2020-06-06 08:59:26.048992,3,0,6,2,3
2020-06-06 09:00:01.895721,3,0,6,2,3
2020-06-06 09:00:37.731248,3,0,6,2,3
2020-06-06 09:01:13.428356,3,0,6,2,3
2020-06-06 09:01:49.188644,3,0,6,2,3
2020-06-06 09:02:24.959017,3,0,6,2,3
2020-06-06 09:03:00.685422,3,0,6,2,3
2020-06-06 09:03:36.404050,3,0,6,2,3
2020-06-06 09:04:12.164714,3,0,6,2,3
2020-06-06 09:04:48.033388,3,0,6,2,3
2020-06-06 09:05:23.754480,3,0,6,2,3
2020-06-06 09:05:59.448206,3,0,6,2,3
2020-06-06 09:06:35.206225,3,0,6,2,3
2020-06-06 09:07:10.990181,3,0,6,2,3
2020-06-06 09:07:46.735460,3,0,6,2,3
2020-06-06 09:08:22.425594,3,0,6,2,3
2020-06-06 09:08:58.182005,3,0,6,2,3
2020-06-06 09:09:33.998201,3,0,6,2,3
2020-06-06 09:10:09.770529,3,0,6,2,3
2020-06-06 09:10:45.562897,3,0,6,2,3
2020-06-06 09:11:21.349993,3,0,6,2,3
2020-06-06 09:11:57.092311,3,0,6,2,3
2020-06-06 09:12:32.801895,3,0,6,2,3
2020-06-06 09:13:08.678128,3,0,6,2,3
2020-06-06 09:13:44.682585,3,0,6,2,3
2020-06-06 09:14:20.332797,3,0,6,2,3
2020-06-06 09:14:56.053769,3,0,6,2,3
2020-06-06 09:17:08.455356,3,0,6,2,3
2020-06-06 09:17:50.729301,3,0,6,2,3
2020-06-06 09:18:26.331730,3,0,6,2,3
2020-06-06 09:19:02.007354,3,0,6,2,3
2020-06-06 09:19:37.673423,3,0,6,2,3
2020-06-06 09:20:13.267159,3,0,6,2,3
2020-06-06 09:20:48.803533,3,0,6,2,3
2020-06-06 09:21:24.395323,3,0,6,2,3
2020-06-06 09:22:00.081259,3,0,6,2,3
2020-06-06 09:22:35.709695,3,0,6,2,3
2020-06-06 09:23:11.360305,3,0,6,2,3
2020-06-06 09:23:47.054882,3,0,6,2,3
2020-06-06 09:24:22.769209,3,0,6,2,3
2020-06-06 09:24:58.507854,3,0,6,2,3
2020-06-06 09:25:34.136730,3,0,6,2,3
2020-06-06 09:26:09.801216,3,0,6,2,3
2020-06-06 09:26:45.503202,3,0,6,2,3
2020-06-06 09:27:21.240486,3,0,6,2,3
2020-06-06 09:27:56.960211,3,0,6,2,3
2020-06-06 09:28:32.523425,3,0,6,2,3
2020-06-06 09:29:08.082281,3,0,6,2,3
2020-06-06 09:29:43.759904,3,0,6,2,3
2020-06-06 09:30:19.505527,3,0,6,2,3
2020-06-06 09:30:55.210494,3,0,6,2,3
2020-06-06 09:31:30.876140,3,0,6,2,3
2020-06-06 09:32:06.754833,3,0,6,2,3
2020-06-06 09:32:42.635600,3,0,6,2,3
2020-06-06 09:33:18.413939,3,0,6,2,3
2020-06-06 09:33:54.214177,3,0,6,2,3
2020-06-06 09:34:29.991171,3,0,6,2,3
2020-06-06 09:35:05.832311,3,0,7,2,3
2020-06-06 09:35:41.642073,3,0,7,2,3
2020-06-06 09:36:17.460930,3,0,7,2,3
2020-06-06 09:36:53.243073,3,0,7,2,3
2020-06-06 09:37:29.000586,3,0,7,2,3
2020-06-06 09:38:04.786799,3,0,7,2,3
2020-06-06 09:38:40.547264,3,0,7,2,3
2020-06-06 09:39:16.287484,3,0,7,2,3
2020-06-06 09:39:52.022655,3,0,7,2,3
2020-06-06 09:40:27.703453,3,0,7,2,3
2020-06-06 09:41:03.350065,3,0,7,2,3
2020-06-06 09:41:39.037281,3,0,7,2,3
2020-06-06 09:42:14.687943,3,0,7,2,3
2020-06-06 09:42:50.344064,3,0,7,2,3
2020-06-06 09:43:26.142196,3,0,7,2,3
2020-06-06 09:44:02.105229,3,0,7,2,3
2020-06-06 09:44:38.002340,3,0,7,2,3
2020-06-06 09:45:13.823654,3,0,7,2,3
2020-06-06 09:45:49.699158,3,0,7,2,3
2020-06-06 09:46:25.545967,3,0,7,2,3
2020-06-06 09:47:01.299489,3,0,7,2,4
2020-06-06 09:47:37.081447,3,0,7,2,4
2020-06-06 09:48:12.928200,3,0,7,2,4
2020-06-06 09:48:48.842948,3,0,7,2,4
2020-06-06 09:49:24.778144,3,0,7,2,4
2020-06-06 09:50:00.688607,3,0,7,2,4
2020-06-06 09:50:36.526764,3,0,7,2,4
2020-06-06 09:51:12.301417,3,0,7,2,4
2020-06-06 09:51:48.022977,3,0,7,2,4
2020-06-06 09:52:23.772454,3,0,7,2,4
2020-06-06 09:52:59.687050,3,0,7,2,4
2020-06-06 09:53:35.565214,3,0,7,2,4
2020-06-06 09:54:11.362216,3,0,7,2,4
2020-06-06 09:54:47.294913,3,0,7,2,4
2020-06-06 09:55:23.188505,3,0,7,2,4
2020-06-06 09:55:59.005828,3,0,7,2,4
2020-06-06 09:56:34.805756,3,0,7,2,4
2020-06-06 09:57:10.644300,3,0,7,2,4
2020-06-06 09:57:46.477417,3,0,7,2,4
2020-06-06 09:58:22.546596,3,0,7,2,4
2020-06-06 09:58:58.830325,3,0,7,2,4
2020-06-06 09:59:34.907862,3,0,7,2,4
2020-06-06 10:00:10.969018,3,0,7,2,4
2020-06-06 10:00:47.116849,3,0,7,2,4
2020-06-06 10:01:23.222436,3,0,7,2,4
2020-06-06 10:01:59.320788,3,0,7,2,4
2020-06-06 10:02:35.501872,3,0,7,2,4
2020-06-06 10:03:11.721758,3,0,7,2,4
2020-06-06 10:03:47.855570,3,0,7,2,4
2020-06-06 10:04:23.965079,3,0,7,2,4
2020-06-06 10:05:00.004528,3,0,7,2,4
2020-06-06 10:05:36.084272,3,0,7,2,4
2020-06-06 10:06:12.204641,3,0,6,2,4
2020-06-06 10:06:48.253527,3,0,6,2,4
2020-06-06 10:07:24.324130,3,0,6,2,4
2020-06-06 10:08:00.441539,3,0,6,2,4
2020-06-06 10:08:36.482393,3,0,6,2,4
2020-06-06 10:09:12.494805,3,0,6,2,4
2020-06-06 10:09:48.558026,3,0,6,2,4
2020-06-06 10:10:24.538723,3,0,6,2,4
2020-06-06 10:11:00.434715,3,0,6,2,4
2020-06-06 10:11:36.347305,3,0,6,2,4
2020-06-06 10:12:12.329524,3,0,6,2,4
2020-06-06 10:12:48.327102,3,0,6,2,4
2020-06-06 10:13:24.361087,3,0,6,2,4
2020-06-06 10:14:00.490744,3,0,6,2,4
2020-06-06 10:14:36.583392,3,0,6,2,4
2020-06-06 10:15:12.570104,3,0,6,2,4
2020-06-06 10:15:48.726256,3,0,7,2,4
2020-06-06 10:16:24.869491,3,0,7,2,4
2020-06-06 10:17:01.125631,3,0,7,2,4
2020-06-06 10:17:37.332147,3,0,7,2,4
2020-06-06 10:18:13.314171,3,0,7,2,4
2020-06-06 10:18:49.364815,3,0,7,2,4
2020-06-06 10:19:25.382842,3,0,7,2,4
2020-06-06 10:20:01.322772,3,0,7,2,4
2020-06-06 10:20:37.231292,3,0,7,2,4
2020-06-06 10:21:13.140693,3,0,7,2,3
2020-06-06 10:21:49.105261,3,0,7,2,3
2020-06-06 10:22:25.078999,3,0,7,2,3
2020-06-06 10:23:01.042989,3,0,7,2,2
2020-06-06 10:23:36.938779,3,0,7,2,3
2020-06-06 10:24:12.851820,3,0,7,2,3
2020-06-06 10:24:49.032547,3,0,7,2,3
2020-06-06 10:25:25.244256,3,0,7,2,3
2020-06-06 10:26:01.234765,3,0,7,2,3
2020-06-06 10:26:37.189330,3,0,7,2,3
2020-06-06 10:27:13.140973,3,0,7,2,3
2020-06-06 10:27:49.096141,3,0,7,2,3
2020-06-06 10:28:25.095611,3,0,7,2,3
2020-06-06 10:29:01.073262,3,0,7,2,3
2020-06-06 10:29:37.054392,3,0,7,2,3
2020-06-06 10:30:13.030613,3,0,7,2,3
2020-06-06 10:30:49.055418,3,0,7,2,3
2020-06-06 10:31:25.068636,3,0,7,2,3
2020-06-06 10:32:00.985458,3,0,7,2,3
2020-06-06 10:32:36.938642,3,0,7,2,3
2020-06-06 10:33:12.899250,3,0,7,2,3
2020-06-06 10:33:48.792572,3,0,7,1,3
2020-06-06 10:34:24.661932,3,0,7,1,3
2020-06-06 10:35:00.611564,3,0,7,1,3
2020-06-06 10:35:36.502620,3,0,7,1,3
2020-06-06 10:36:12.408868,3,0,7,1,3
2020-06-06 10:36:48.476441,3,0,7,1,3
2020-06-06 10:37:24.489836,3,0,7,1,3
2020-06-06 10:38:00.410098,3,0,7,1,3
2020-06-06 10:38:36.292393,3,0,7,1,3
2020-06-06 10:39:12.330112,3,0,7,1,3
2020-06-06 10:39:48.460827,3,0,7,1,3
2020-06-06 10:40:24.483285,3,0,7,1,3
2020-06-06 10:41:00.383707,3,0,7,1,3
2020-06-06 10:41:36.222848,3,0,7,1,3
2020-06-06 10:42:12.122208,3,0,7,1,3
2020-06-06 10:42:48.091815,3,0,7,1,3
2020-06-06 10:43:23.982333,3,0,7,1,3
2020-06-06 10:43:59.984075,3,0,7,1,3
2020-06-06 10:44:36.051059,3,0,6,1,1
2020-06-06 10:45:12.046687,3,0,6,1,1
2020-06-06 10:45:48.043857,3,0,6,1,1
2020-06-06 10:46:24.082994,3,0,6,1,1
2020-06-06 10:47:00.114147,3,0,6,1,1
2020-06-06 10:47:35.987850,3,0,6,1,1
2020-06-06 10:48:11.936845,3,0,6,1,0
2020-06-06 10:48:47.953378,3,0,6,1,0
2020-06-06 10:49:24.049978,3,0,6,1,0
2020-06-06 10:50:00.420113,3,0,6,1,1
2020-06-06 10:50:36.710293,3,0,6,1,1
2020-06-06 10:51:12.827513,3,0,6,1,1
2020-06-06 10:51:49.034558,3,0,6,1,1
2020-06-06 10:52:25.281263,3,0,6,1,1
2020-06-06 10:53:01.387439,3,0,6,1,1
2020-06-06 10:53:37.423885,3,0,6,1,1
2020-06-06 10:54:13.491188,3,0,6,1,1
2020-06-06 10:54:49.654865,3,0,6,1,1
2020-06-06 10:55:25.774906,3,0,6,1,1
2020-06-06 10:56:01.795015,3,0,6,1,1
2020-06-06 10:56:37.860374,3,0,6,1,1
2020-06-06 10:57:13.889892,3,0,6,1,2
2020-06-06 10:57:49.898527,3,0,6,1,2
2020-06-06 10:58:25.904444,3,0,6,1,2
2020-06-06 10:59:01.895901,3,0,7,1,2
2020-06-06 10:59:37.789689,3,0,7,1,2
2020-06-06 11:00:13.733858,3,0,7,1,2
2020-06-06 11:00:49.672176,3,0,7,1,2
2020-06-06 11:01:25.659667,3,0,7,1,2
2020-06-06 11:02:01.664169,3,0,7,1,2
2020-06-06 11:02:37.711286,3,0,7,1,2
2020-06-06 11:03:13.759358,3,0,7,1,2
2020-06-06 11:03:49.748001,3,0,7,1,2
2020-06-06 11:04:25.808140,3,0,7,1,2
2020-06-06 11:05:01.919314,3,0,7,1,2
2020-06-06 11:05:38.032908,3,0,7,1,2
2020-06-06 11:06:14.321754,3,0,7,1,2
2020-06-06 11:06:50.495983,3,0,7,1,2
2020-06-06 11:07:26.449368,3,0,7,1,2
2020-06-06 11:08:02.512466,3,0,7,1,2
2020-06-06 11:08:38.644519,3,0,7,1,2
2020-06-06 11:09:14.860939,3,0,7,1,2
2020-06-06 11:09:51.114112,3,0,7,1,2
2020-06-06 11:10:27.237256,3,0,7,1,2
2020-06-06 11:11:03.332955,3,0,7,1,2
2020-06-06 11:11:39.395695,3,0,7,1,2
2020-06-06 11:12:15.396160,3,0,8,1,2
2020-06-06 11:14:24.100214,1,0,8,1,2
2020-06-06 11:15:00.474940,1,0,8,1,2
2020-06-06 11:15:36.873540,1,0,8,1,2
2020-06-06 11:16:13.193115,1,0,8,1,2
2020-06-06 11:16:49.510619,1,0,8,1,2
2020-06-06 11:17:25.734015,1,0,8,1,2
2020-06-06 11:18:01.929768,1,0,8,1,2
2020-06-06 11:18:38.486051,1,0,8,1,2
2020-06-06 11:19:15.042745,1,0,8,1,2
2020-06-06 11:19:51.338811,1,0,8,1,2
2020-06-06 11:20:27.621052,1,0,8,1,2
2020-06-06 11:21:03.866020,1,0,8,1,2
2020-06-06 11:21:40.109709,1,0,8,1,2
2020-06-06 11:22:16.188136,1,0,8,1,2
2020-06-06 11:22:52.272524,1,0,8,1,2
2020-06-06 11:23:28.456891,1,0,8,1,2
2020-06-06 11:24:05.177288,1,0,8,1,2
2020-06-06 11:24:41.887635,1,0,7,1,2
2020-06-06 11:25:18.073180,1,0,7,1,2
2020-06-06 11:25:54.375939,1,0,7,1,2
2020-06-06 11:26:30.641634,1,0,7,1,2
2020-06-06 11:27:06.911528,1,0,7,1,2
2020-06-06 11:27:43.194634,1,0,7,1,2
2020-06-06 11:28:19.306770,1,0,7,1,2
2020-06-06 11:28:55.408994,1,0,7,1,2
2020-06-06 11:29:31.513512,1,0,7,1,2
2020-06-06 11:30:07.695092,1,0,7,1,2
2020-06-06 11:30:43.888098,1,0,7,1,2
2020-06-06 11:31:20.098174,1,0,7,1,2
2020-06-06 11:31:56.535221,1,0,7,1,2
2020-06-06 11:32:32.908549,1,0,7,1,2
2020-06-06 11:33:09.177791,1,0,7,1,2
2020-06-06 11:33:45.560060,1,0,7,1,2
2020-06-06 11:34:22.192964,1,0,7,1,2
2020-06-06 11:34:58.803511,1,0,7,1,2
2020-06-06 11:35:35.117945,1,0,7,1,2
2020-06-06 11:36:11.543916,1,0,7,1,2
2020-06-06 11:36:47.960666,1,0,7,1,2
2020-06-06 11:37:24.242761,1,0,8,1,2
2020-06-06 11:38:00.721357,1,0,8,1,2
2020-06-06 11:38:37.178603,1,0,8,1,2
2020-06-06 11:39:13.409614,1,0,9,1,2
2020-06-06 11:39:49.777271,1,0,9,1,2
2020-06-06 11:40:26.301291,1,0,9,1,2
2020-06-06 11:41:02.812716,1,0,9,1,2
2020-06-06 11:41:39.196993,1,0,9,1,2
2020-06-06 11:42:15.454669,1,0,9,1,2
2020-06-06 11:42:51.819311,1,0,9,1,2
2020-06-06 11:43:28.160838,1,0,9,1,2
2020-06-06 11:44:04.586446,1,0,8,1,2
2020-06-06 11:44:41.036585,1,0,8,1,2
2020-06-06 11:45:17.398634,1,0,8,1,2
2020-06-06 11:45:53.828490,1,0,8,1,2
2020-06-06 11:46:30.085310,1,0,8,1,2
2020-06-06 11:47:06.277650,1,0,8,1,2
2020-06-06 11:47:42.605397,1,0,8,1,2
2020-06-06 11:48:18.993009,1,0,8,1,2
2020-06-06 11:48:55.307155,1,0,8,1,2
2020-06-06 11:49:31.515208,1,0,8,1,2
2020-06-06 11:50:07.908772,1,0,8,1,2
2020-06-06 11:50:44.350873,1,0,8,1,2
2020-06-06 11:51:20.967254,1,0,8,1,2
2020-06-06 11:51:57.659498,1,0,8,1,2
2020-06-06 11:52:34.096664,1,0,8,1,2
2020-06-06 11:53:10.513752,1,0,8,1,2
2020-06-06 11:53:47.048057,1,0,8,1,2
2020-06-06 11:54:23.610506,1,0,8,1,2
2020-06-06 11:55:00.190006,1,0,8,1,2
2020-06-06 11:55:36.697394,1,0,8,1,2
2020-06-06 11:56:13.070467,1,0,8,1,2
2020-06-06 11:56:49.384742,1,0,8,1,2
2020-06-06 11:57:25.719085,1,0,8,1,2
2020-06-06 11:58:02.086997,1,0,8,1,2
2020-06-06 11:58:38.620888,1,0,8,1,2
2020-06-06 11:59:15.406975,1,0,8,1,2
2020-06-06 11:59:52.138891,1,0,8,1,2
2020-06-06 12:00:28.687488,1,0,8,1,2
2020-06-06 12:01:05.362217,1,0,8,1,2
2020-06-06 12:01:42.020969,1,0,8,1,2
2020-06-06 12:02:18.530432,1,0,8,1,2
2020-06-06 12:02:55.161287,1,0,8,1,2
2020-06-06 12:03:31.830758,1,0,8,1,2
2020-06-06 12:04:08.614576,1,0,8,1,2
2020-06-06 12:04:45.336520,1,0,8,1,2
2020-06-06 12:05:21.812790,1,0,8,1,2
2020-06-06 12:05:58.313971,1,0,8,1,2
2020-06-06 12:06:34.841560,1,0,8,1,2
2020-06-06 12:07:11.400005,1,0,8,1,2
2020-06-06 12:07:47.928389,1,0,8,1,2
2020-06-06 12:08:24.519668,1,1,8,1,2
2020-06-06 12:09:01.136840,1,1,8,1,2
2020-06-06 12:09:37.803999,1,1,8,1,2
2020-06-06 12:10:14.227406,1,1,8,1,2
2020-06-06 12:10:50.656766,1,1,8,1,2
2020-06-06 12:11:27.141227,1,1,8,1,2
2020-06-06 12:12:03.758796,1,1,8,1,2
2020-06-06 12:12:40.448409,1,1,8,1,2
2020-06-06 12:13:17.057804,1,1,8,1,2
2020-06-06 12:13:53.609807,1,1,8,1,2
2020-06-06 12:14:30.100725,1,1,8,1,2
2020-06-06 12:15:06.801380,1,1,8,1,2
2020-06-06 12:15:43.756771,1,1,8,1,2
2020-06-06 12:16:20.570236,1,1,8,1,2
2020-06-06 12:16:57.280146,1,1,8,1,2
2020-06-06 12:17:34.030450,1,1,8,1,2
2020-06-06 12:18:11.044706,1,1,8,1,2
2020-06-06 12:18:47.992851,1,1,8,1,2
2020-06-06 12:19:24.579467,1,1,8,1,2
2020-06-06 12:20:01.175745,1,1,8,1,2
2020-06-06 12:20:37.728187,1,0,8,1,2
2020-06-06 12:21:14.178378,1,0,8,1,2
2020-06-06 12:21:51.099591,1,0,8,1,2
2020-06-06 12:22:28.022715,1,0,8,1,2
2020-06-06 12:23:04.664711,1,0,8,1,2
2020-06-06 12:23:41.305804,1,0,7,1,2
2020-06-06 12:24:17.791256,1,0,7,1,2
2020-06-06 12:24:54.302851,1,0,7,1,2
2020-06-06 12:25:31.015519,1,0,7,1,2
2020-06-06 12:26:07.977062,1,0,7,1,2
2020-06-06 12:26:44.824871,1,0,7,1,2
2020-06-06 12:27:21.476791,1,0,7,1,2
2020-06-06 12:27:57.983363,1,0,7,1,2
2020-06-06 12:28:34.487041,1,0,7,1,2
2020-06-06 12:29:11.085086,1,0,7,1,2
2020-06-06 12:29:47.741411,1,0,7,1,2
2020-06-06 12:30:24.457455,1,0,7,1,2
2020-06-06 12:31:01.230606,1,0,7,1,2
2020-06-06 12:31:37.910967,1,0,7,1,2
2020-06-06 12:32:14.546094,1,0,7,1,2
2020-06-06 12:32:51.149089,1,0,7,1,2
2020-06-06 12:33:27.789792,1,0,7,1,2
2020-06-06 12:34:04.766346,1,0,7,1,2
2020-06-06 12:34:41.741465,1,0,7,1,2
2020-06-06 12:35:18.385195,1,0,7,1,2
2020-06-06 12:35:54.962097,1,0,7,1,2
2020-06-06 12:36:31.510455,1,0,7,1,2
2020-06-06 12:37:08.168826,1,0,7,1,2
2020-06-06 12:37:44.829598,1,0,7,1,1
2020-06-06 12:38:21.409641,1,0,7,1,1
2020-06-06 12:38:57.984078,1,0,7,1,1
2020-06-06 12:39:34.680842,1,0,7,1,1
2020-06-06 12:40:11.378091,1,0,7,1,1
2020-06-06 12:40:48.074440,1,0,7,1,1
2020-06-06 12:41:24.721169,1,0,7,1,1
2020-06-06 12:42:01.229602,1,0,7,1,1
2020-06-06 12:42:37.836312,1,0,7,1,1
2020-06-06 12:43:14.513867,1,0,7,1,1
2020-06-06 12:43:51.197741,1,0,7,1,1
2020-06-06 12:44:27.786655,1,0,7,1,1
2020-06-06 12:45:04.911967,1,0,7,1,1
2020-06-06 12:45:42.444570,1,0,7,1,1
2020-06-06 12:46:19.853101,1,0,7,1,1
2020-06-06 12:46:56.909731,1,0,7,1,1
2020-06-06 12:47:33.604553,1,0,7,1,1
2020-06-06 12:48:10.277100,1,0,7,1,1
2020-06-06 12:48:46.825634,1,0,7,1,1
2020-06-06 12:49:23.427960,1,0,7,1,1
2020-06-06 12:50:00.093313,1,0,7,1,1
2020-06-06 12:50:36.740196,1,0,7,1,1
2020-06-06 12:51:13.456279,1,0,7,1,1
2020-06-06 12:51:50.256608,1,0,7,1,1
2020-06-06 12:52:26.945268,1,0,7,1,1
2020-06-06 12:53:03.592379,1,0,7,1,1
2020-06-06 12:53:40.313758,1,0,7,1,1
2020-06-06 12:54:17.050518,1,0,7,1,1
2020-06-06 12:54:53.774780,1,0,7,1,1
2020-06-06 12:55:30.508839,1,0,7,1,1
2020-06-06 12:56:07.426723,1,0,7,1,1
2020-06-06 12:56:46.779465,1,0,7,1,1
2020-06-06 12:57:25.945697,1,0,7,1,1
2020-06-06 12:58:02.663655,1,0,7,1,1
2020-06-06 12:58:39.426927,1,0,7,1,1
2020-06-06 12:59:16.161764,1,0,7,1,1
2020-06-06 12:59:53.021674,1,0,7,1,1
2020-06-06 13:00:29.838389,1,0,7,1,1
2020-06-06 13:01:06.727050,1,0,7,1,1
2020-06-06 13:01:43.628535,1,0,7,1,1
2020-06-06 13:02:20.273266,1,0,7,1,1
2020-06-06 13:02:56.944479,1,0,7,1,1
2020-06-06 13:03:33.638603,1,0,7,1,1
2020-06-06 13:04:10.578438,1,0,7,1,1
2020-06-06 13:04:47.558053,1,0,7,1,1
2020-06-06 13:05:24.291070,1,0,7,1,1
2020-06-06 13:06:00.983801,1,0,7,1,1
2020-06-06 13:06:37.843971,1,0,7,1,1
2020-06-06 13:07:14.744633,1,0,7,1,1
2020-06-06 13:07:51.396998,1,0,7,1,1
2020-06-06 13:08:27.986679,1,0,7,1,1
2020-06-06 13:09:04.669347,1,0,7,1,1
2020-06-06 13:09:41.460790,1,0,7,1,1
2020-06-06 13:10:18.168059,1,0,7,1,1
2020-06-06 13:10:54.878918,1,0,7,1,1
2020-06-06 13:11:31.586789,1,0,8,1,1
2020-06-06 13:12:08.218645,1,0,8,1,1
2020-06-06 13:12:44.829293,1,0,8,1,1
2020-06-06 13:13:21.558695,1,0,8,1,1
2020-06-06 13:13:58.450011,1,0,8,1,1
2020-06-06 13:14:35.199581,1,0,8,1,1
2020-06-06 13:15:11.753284,1,0,8,1,1
2020-06-06 13:15:48.288701,1,0,8,1,1
2020-06-06 13:16:24.850173,1,0,8,1,1
2020-06-06 13:17:08.805129,1,0,8,1,1
2020-06-06 13:17:52.731079,1,0,8,1,1
2020-06-06 13:18:29.272483,1,0,8,1,1
2020-06-06 13:19:05.795044,1,0,8,1,1
2020-06-06 13:19:42.359846,1,0,8,1,1
2020-06-06 13:20:18.912549,1,0,8,1,1
2020-06-06 13:20:55.389501,1,0,8,1,1
2020-06-06 13:21:31.992804,1,0,8,1,1
2020-06-06 13:22:09.053538,1,0,8,1,1
2020-06-06 13:22:46.070164,1,0,8,1,1
2020-06-06 13:23:22.818676,1,0,8,1,1
2020-06-06 13:23:59.574134,1,0,8,1,1
2020-06-06 13:24:36.273810,1,0,8,1,1
2020-06-06 13:25:12.974857,1,0,8,1,1
2020-06-06 13:25:49.569385,1,0,8,1,1
2020-06-06 13:26:26.161994,1,0,8,1,1
2020-06-06 13:27:02.942574,1,0,8,1,1
2020-06-06 13:27:39.742660,1,0,8,1,1
2020-06-06 13:28:16.412612,1,0,8,1,1
2020-06-06 13:28:53.086920,1,0,8,1,1
2020-06-06 13:29:29.878903,1,0,8,1,1
2020-06-06 13:30:06.641676,1,0,8,1,1
2020-06-06 13:30:43.402308,1,0,8,1,1
2020-06-06 13:31:21.253350,1,0,8,1,1
2020-06-06 13:31:59.110913,1,0,8,1,1
2020-06-06 13:32:35.963375,1,0,8,1,1
2020-06-06 13:33:12.763737,1,0,8,1,1
2020-06-06 13:33:49.608576,1,0,8,1,1
2020-06-06 13:34:26.565052,1,0,8,1,1
2020-06-06 13:35:03.632063,1,0,8,1,1
2020-06-06 13:35:40.654546,1,0,8,1,1
2020-06-06 13:36:17.587032,1,0,8,1,1
2020-06-06 13:36:54.448828,1,0,8,1,1
2020-06-06 13:37:31.195181,1,0,8,1,1
2020-06-06 13:38:07.981437,1,0,8,1,1
2020-06-06 13:38:44.841821,1,0,8,1,1
2020-06-06 13:39:21.856668,1,0,8,1,1
2020-06-06 13:39:58.982417,1,0,8,1,1
2020-06-06 13:40:35.917446,1,0,8,1,1
2020-06-06 13:41:12.873485,1,0,8,1,1
2020-06-06 13:41:49.961889,1,0,8,1,1
2020-06-06 13:42:26.931791,1,0,8,1,1
2020-06-06 13:43:03.763124,1,0,8,1,1
2020-06-06 13:43:40.582055,1,0,8,1,1
2020-06-06 13:44:17.453941,1,0,8,1,1
2020-06-06 13:44:54.257426,1,0,8,1,1
2020-06-06 13:45:31.026255,1,0,8,1,1
2020-06-06 13:46:07.857979,1,0,8,1,1
2020-06-06 13:46:44.696604,1,0,7,1,1
2020-06-06 13:47:21.591029,1,0,7,1,1
2020-06-06 13:47:58.524428,1,0,7,1,1
2020-06-06 13:48:35.687705,1,0,7,1,1
2020-06-06 13:49:12.803114,1,0,7,1,1
2020-06-06 13:49:49.623010,1,0,7,1,1
2020-06-06 13:50:26.497036,1,0,7,1,1
2020-06-06 13:51:03.455082,1,0,7,1,1
2020-06-06 13:51:40.408770,1,0,7,1,1
2020-06-06 13:52:17.252040,1,0,7,1,1
2020-06-06 13:52:54.071525,1,0,7,1,1
2020-06-06 13:53:30.873193,1,0,7,1,1
2020-06-06 13:54:07.713142,1,0,7,1,1
2020-06-06 13:54:44.520659,1,0,7,1,1
2020-06-06 13:55:21.194787,1,0,7,1,1
2020-06-06 13:55:58.138201,1,0,7,1,1
2020-06-06 13:56:35.024846,1,0,7,1,1
2020-06-06 13:57:11.632945,1,0,7,1,1
2020-06-06 13:57:48.196040,1,0,7,1,1
2020-06-06 13:58:24.757436,1,0,7,1,1
2020-06-06 13:59:01.349297,1,0,7,1,1
2020-06-06 13:59:38.005508,1,0,7,1,1
2020-06-06 14:00:14.598777,1,0,7,1,1
2020-06-06 14:00:51.268277,1,0,7,1,1
2020-06-06 14:01:27.962807,1,0,7,1,1
2020-06-06 14:02:04.697605,1,0,7,1,1
2020-06-06 14:02:41.438392,1,0,7,1,1
2020-06-06 14:03:18.025533,1,0,7,1,1
2020-06-06 14:03:54.653673,1,0,7,1,1
2020-06-06 14:04:31.318814,1,0,7,1,1
2020-06-06 14:05:08.196569,1,0,7,1,1
2020-06-06 14:05:45.029150,1,0,7,1,1
2020-06-06 14:06:21.634367,1,0,7,1,1
2020-06-06 14:06:58.537392,1,0,7,1,1
2020-06-06 14:07:35.505127,1,0,7,1,1
2020-06-06 14:08:12.215856,1,0,7,1,1
2020-06-06 14:08:48.986301,1,0,7,1,1
2020-06-06 14:09:26.309450,1,0,7,1,1
2020-06-06 14:10:03.673231,1,0,7,1,1
2020-06-06 14:10:40.544675,1,0,7,1,1
2020-06-06 14:11:17.576384,1,0,7,1,1
2020-06-06 14:11:54.600357,1,0,7,1,1
2020-06-06 14:12:31.425229,1,0,7,1,1
2020-06-06 14:13:08.289956,1,0,7,1,1
2020-06-06 14:13:45.593022,1,0,7,1,1
2020-06-06 14:14:22.875130,1,0,7,1,1
2020-06-06 14:14:59.641553,1,0,7,1,1
2020-06-06 14:15:36.398196,1,0,7,1,1
2020-06-06 14:16:13.295877,1,0,7,1,1
2020-06-06 14:16:50.286885,1,0,7,1,1
2020-06-06 14:17:27.274426,1,0,7,1,1
2020-06-06 14:18:04.326756,1,0,7,1,1
2020-06-06 14:18:41.354747,1,0,7,1,1
2020-06-06 14:19:18.232727,1,0,7,1,1
2020-06-06 14:19:55.020493,1,0,7,1,1
2020-06-06 14:20:31.776833,1,0,7,1,1
2020-06-06 14:21:08.548820,1,0,7,1,1
2020-06-06 14:21:45.387133,1,0,7,1,1
2020-06-06 14:22:22.223247,1,0,7,1,1
2020-06-06 14:22:59.270110,1,0,7,1,1
2020-06-06 14:23:36.275458,1,0,7,1,1
2020-06-06 14:24:13.052099,1,0,7,1,1
2020-06-06 14:24:49.783397,1,0,7,1,1
2020-06-06 14:25:26.450371,1,0,7,1,1
2020-06-06 14:26:03.262461,1,0,7,1,1
2020-06-06 14:26:40.051756,1,0,7,1,1
2020-06-06 14:27:16.777708,1,0,7,1,1
2020-06-06 14:27:53.468750,1,0,7,1,1
2020-06-06 14:28:30.342826,1,0,7,1,1
2020-06-06 14:29:07.574102,1,0,7,1,1
2020-06-06 14:29:44.618601,1,0,7,1,1
2020-06-06 14:30:21.338035,1,0,7,1,1
2020-06-06 14:30:58.022658,1,0,7,1,1
2020-06-06 14:31:34.721088,1,0,7,1,1
2020-06-06 14:32:11.380837,1,0,7,1,1
2020-06-06 14:32:48.053669,1,0,7,1,1
2020-06-06 14:33:24.755389,1,0,7,1,1
2020-06-06 14:34:01.514515,1,0,7,1,1
2020-06-06 14:34:38.221051,1,0,7,1,1
2020-06-06 14:35:15.005121,1,0,7,1,1
2020-06-06 14:35:51.726239,1,0,7,1,1
2020-06-06 14:36:28.355945,1,0,7,1,1
2020-06-06 14:37:05.253711,1,0,7,1,1
2020-06-06 14:37:42.139384,1,0,7,1,1
2020-06-06 14:38:19.182770,1,0,7,1,1
2020-06-06 14:38:56.189742,1,0,7,1,0
2020-06-06 14:39:32.892965,1,0,7,1,0
2020-06-06 14:40:10.152776,1,0,7,1,0
2020-06-06 14:40:47.393690,1,0,7,1,0
2020-06-06 14:41:24.114677,1,0,7,1,0
2020-06-06 14:42:01.153756,1,0,7,1,0
2020-06-06 14:42:38.007308,1,0,7,1,0
2020-06-06 14:43:14.421155,1,0,7,1,0
2020-06-06 14:43:50.983762,1,0,7,1,0
2020-06-06 14:44:27.565772,1,0,7,1,0
2020-06-06 14:45:05.203959,1,0,7,1,0
2020-06-06 14:45:42.809868,1,0,7,1,0
2020-06-06 14:46:19.277366,1,0,7,1,0
2020-06-06 14:46:55.735670,1,0,7,1,0
2020-06-06 14:47:32.238563,1,0,7,1,0
2020-06-06 14:48:09.154282,1,0,7,1,0
2020-06-06 14:48:46.324103,1,0,7,1,0
2020-06-06 14:49:23.100535,1,0,7,1,0
2020-06-06 14:49:59.699680,1,0,7,1,0
2020-06-06 14:50:36.499958,1,0,7,1,0
2020-06-06 14:51:13.200116,1,0,7,1,0
2020-06-06 14:51:49.827392,1,0,7,1,0
2020-06-06 14:52:26.498049,1,0,7,1,0
2020-06-06 14:53:03.401739,1,0,7,1,0
2020-06-06 14:53:40.287627,1,0,7,1,0
2020-06-06 14:54:16.949349,1,0,7,1,0
2020-06-06 14:54:53.594598,1,0,7,1,0
2020-06-06 14:55:30.468427,1,0,7,1,0
2020-06-06 14:56:07.330348,1,0,7,1,0
2020-06-06 14:56:43.860962,1,0,7,1,0
2020-06-06 14:57:20.385959,1,0,7,1,0
2020-06-06 14:57:56.963002,1,0,7,1,0
2020-06-06 14:58:33.482963,2,0,7,1,0
2020-06-06 14:59:10.091939,2,0,8,1,0
2020-06-06 14:59:46.850301,2,0,8,1,0
2020-06-06 15:00:23.726124,2,0,8,1,0
2020-06-06 15:01:00.530155,2,0,8,1,0
2020-06-06 15:01:37.480551,2,0,8,1,0
2020-06-06 15:02:14.502211,2,0,8,1,0
2020-06-06 15:02:51.214492,2,0,8,1,0
2020-06-06 15:03:27.839537,2,0,8,1,0
2020-06-06 15:04:04.620711,2,0,8,1,0
2020-06-06 15:04:41.429554,2,0,9,1,0
2020-06-06 15:05:17.910750,2,0,9,1,0
2020-06-06 15:05:54.323870,2,0,9,1,0
2020-06-06 15:06:30.829313,2,0,9,1,0
2020-06-06 15:07:07.439073,2,0,9,1,0
2020-06-06 15:07:44.055158,2,0,9,1,0
2020-06-06 15:08:20.650536,2,0,9,1,0
2020-06-06 15:08:57.297732,2,0,9,1,0
2020-06-06 15:09:33.882205,2,0,9,1,0
2020-06-06 15:10:10.606400,2,0,9,1,0
2020-06-06 15:10:47.495233,2,0,9,1,0
2020-06-06 15:11:24.211115,2,0,9,1,0
2020-06-06 15:12:00.874070,2,0,9,1,0
2020-06-06 15:12:37.656626,2,0,9,1,0
2020-06-06 15:13:14.356479,2,1,9,1,0
2020-06-06 15:13:50.941516,2,1,9,1,0
2020-06-06 15:14:27.503077,2,1,9,1,0
2020-06-06 15:15:04.293314,2,1,9,1,0
2020-06-06 15:15:41.211604,2,1,9,1,0
2020-06-06 15:16:18.069137,2,1,9,1,0
2020-06-06 15:16:54.875308,2,1,9,1,0
2020-06-06 15:17:32.055510,2,1,9,1,0
2020-06-06 15:18:09.352796,2,1,8,1,0
2020-06-06 15:18:46.072274,2,1,8,1,0
2020-06-06 15:19:22.696343,2,1,8,1,0
2020-06-06 15:19:59.327813,2,1,8,1,0
2020-06-06 15:20:35.875499,2,1,8,1,0
2020-06-06 15:21:12.452179,2,1,8,1,0
2020-06-06 15:21:49.079163,2,1,8,1,0
2020-06-06 15:22:25.787694,2,1,8,1,0
2020-06-06 15:23:02.505948,2,1,8,1,0
2020-06-06 15:23:39.060364,2,1,8,1,0
2020-06-06 15:24:15.573899,2,1,8,1,0
2020-06-06 15:24:52.099139,2,1,8,1,0
2020-06-06 15:25:28.786072,2,1,8,1,0
2020-06-06 15:26:05.662080,2,1,8,1,0
2020-06-06 15:26:42.390484,2,1,8,1,0
2020-06-06 15:27:19.009286,2,1,8,1,0
2020-06-06 15:27:55.680704,2,1,8,1,0
2020-06-06 15:28:32.268506,2,1,8,1,0
2020-06-06 15:29:08.824645,2,2,8,1,0
2020-06-06 15:29:45.370836,2,2,8,1,0
2020-06-06 15:30:22.022523,2,2,8,1,0
2020-06-06 15:30:58.812313,2,2,8,1,0
2020-06-06 15:31:35.594988,2,2,8,1,0
2020-06-06 15:32:12.372326,2,2,8,1,0
2020-06-06 15:32:49.193566,2,2,8,1,0
2020-06-06 15:33:26.041236,2,2,8,1,0
2020-06-06 15:34:03.034519,2,2,8,1,0
2020-06-06 15:34:39.904070,2,2,8,1,0
2020-06-06 15:35:16.696300,2,2,8,1,0
2020-06-06 15:35:53.552760,2,2,8,1,0
2020-06-06 15:36:30.343067,2,2,8,1,0
2020-06-06 15:37:07.245788,2,2,8,1,0
2020-06-06 15:37:44.153541,2,2,8,1,0
2020-06-06 15:38:20.981351,2,2,8,1,0
2020-06-06 15:38:57.748540,2,2,8,1,0
2020-06-06 15:39:34.516042,2,3,8,1,0
2020-06-06 15:40:11.277665,2,3,8,1,0
2020-06-06 15:40:48.002263,2,3,8,1,0
2020-06-06 15:41:24.784896,2,3,8,1,0
2020-06-06 15:42:01.542307,2,3,9,1,0
2020-06-06 15:42:38.245231,2,3,9,1,0
2020-06-06 15:43:14.982624,2,3,9,1,0
2020-06-06 15:43:51.675497,2,3,9,1,0
2020-06-06 15:44:28.343775,2,3,9,1,0
2020-06-06 15:45:05.125229,2,3,9,1,0
2020-06-06 15:45:41.995166,2,3,9,1,0
2020-06-06 15:46:18.862823,2,3,9,1,0
2020-06-06 15:46:55.565535,2,3,9,1,0
2020-06-06 15:47:32.228992,2,3,9,1,0
2020-06-06 15:48:09.202567,2,3,9,1,0
2020-06-06 15:48:46.110321,2,3,11,1,0
2020-06-06 15:49:22.883500,2,3,11,1,0
2020-06-06 15:49:59.607125,2,3,11,1,0
2020-06-06 15:50:36.189080,2,3,11,1,0
2020-06-06 15:51:13.113533,2,3,11,1,0
2020-06-06 15:51:50.201155,2,3,11,1,0
2020-06-06 15:52:27.072867,2,3,11,1,0
2020-06-06 15:53:03.724515,2,3,11,1,0
2020-06-06 15:53:40.414596,2,3,11,1,0
2020-06-06 15:54:17.146897,2,3,11,1,0
2020-06-06 15:54:53.964518,2,2,11,1,0
2020-06-06 15:55:30.646322,2,2,11,1,0
2020-06-06 15:56:07.403296,2,1,11,1,0
2020-06-06 15:56:44.260772,2,0,11,1,0
2020-06-06 15:57:20.990597,2,0,11,1,0
2020-06-06 15:57:57.879928,2,0,11,1,0
2020-06-06 15:58:34.659615,2,0,11,1,0
2020-06-06 15:59:11.352168,2,0,11,1,0
2020-06-06 15:59:48.225487,2,0,11,1,0
2020-06-06 16:00:25.025531,2,0,11,1,0
2020-06-06 16:01:01.778335,2,0,11,1,0
2020-06-06 16:01:38.501326,2,0,11,1,0
2020-06-06 16:02:15.162975,2,0,11,1,0
2020-06-06 16:02:51.905408,2,0,11,1,0
2020-06-06 16:03:28.747342,2,0,11,1,0
2020-06-06 16:04:05.940561,2,0,12,1,0
2020-06-06 16:04:43.034009,2,0,12,1,0
2020-06-06 16:05:19.956618,2,0,11,1,0
2020-06-06 16:05:56.969897,2,0,11,1,0
2020-06-06 16:06:33.845494,2,0,11,1,0
2020-06-06 16:07:10.832556,2,0,11,1,0
2020-06-06 16:07:47.874220,2,0,11,1,0
2020-06-06 16:08:24.753179,2,0,11,1,0
2020-06-06 16:09:01.498780,2,0,11,1,0
2020-06-06 16:09:38.248515,2,0,11,1,0
2020-06-06 16:10:14.929656,2,0,11,1,0
2020-06-06 16:10:51.540677,2,0,11,1,0
2020-06-06 16:11:28.190856,2,0,11,1,0
2020-06-06 16:12:05.226429,2,0,10,1,0
2020-06-06 16:12:42.170347,2,0,10,1,0
2020-06-06 16:13:18.786649,2,0,9,1,0
2020-06-06 16:13:55.473231,2,0,9,1,0
2020-06-06 16:14:32.150519,2,0,9,1,0
2020-06-06 16:15:08.893850,2,0,9,1,0
2020-06-06 16:15:45.662828,2,0,10,1,0
2020-06-06 16:16:22.487393,2,0,10,1,0
2020-06-06 16:16:59.375317,2,1,10,1,0
2020-06-06 16:17:36.206662,2,1,10,1,0
2020-06-06 16:18:13.450341,2,1,10,1,0
2020-06-06 16:18:50.770577,2,1,10,1,0
2020-06-06 16:19:27.531677,2,0,10,1,0
2020-06-06 16:20:04.362912,2,0,10,1,0
2020-06-06 16:20:41.303003,2,0,10,1,0
2020-06-06 16:21:18.100725,2,0,10,1,0
2020-06-06 16:21:54.830047,2,0,10,1,0
2020-06-06 16:22:31.511320,2,0,9,1,0
2020-06-06 16:23:08.260084,2,0,9,1,0
2020-06-06 16:23:45.030981,2,0,9,1,0
2020-06-06 16:24:21.810781,2,0,9,1,0
2020-06-06 16:26:32.500388,2,0,9,1,0
2020-06-06 16:27:09.419055,2,0,9,1,0
2020-06-06 16:27:46.316051,2,0,9,1,0
2020-06-06 16:28:28.099298,2,0,9,1,0
2020-06-06 16:29:09.761114,2,0,9,1,0
2020-06-06 16:29:46.532746,2,0,9,1,0
2020-06-06 16:30:23.450181,2,0,9,1,0
2020-06-06 16:31:00.558385,2,0,10,1,0
2020-06-06 16:31:37.600615,2,0,10,1,0
2020-06-06 16:32:14.367378,2,0,9,1,0
2020-06-06 16:32:51.078880,2,0,9,1,0
2020-06-06 16:33:27.856481,2,0,9,1,0
2020-06-06 16:34:04.743652,2,0,9,1,0
2020-06-06 16:34:41.540691,2,0,9,1,0
2020-06-06 16:35:18.392965,2,0,9,1,0
2020-06-06 16:35:55.323092,2,0,9,1,0
2020-06-06 16:36:32.094580,2,0,9,1,0
2020-06-06 16:37:09.008070,2,0,9,1,0
2020-06-06 16:37:45.927940,2,0,9,1,0
2020-06-06 16:38:22.624840,2,0,9,1,0
2020-06-06 16:38:59.219707,2,0,9,1,0
2020-06-06 16:39:35.753889,2,0,9,1,0
2020-06-06 16:40:12.217451,2,0,9,1,0
2020-06-06 16:40:48.772053,2,0,9,1,0
2020-06-06 16:41:25.499901,2,0,9,1,0
2020-06-06 16:42:02.123885,2,0,9,1,0
2020-06-06 16:42:38.690433,2,0,9,1,0
2020-06-06 16:43:15.192883,2,0,9,1,0
2020-06-06 16:43:51.582541,2,0,9,1,0
2020-06-06 16:44:28.024899,2,0,9,1,0
2020-06-06 16:45:04.487780,2,0,9,1,0
2020-06-06 16:45:41.131882,2,0,9,1,0
2020-06-06 16:46:17.929962,2,0,9,1,0
2020-06-06 16:46:54.540630,2,0,9,1,0
2020-06-06 16:47:30.998851,2,0,10,1,0
2020-06-06 16:48:07.528202,2,0,10,1,0
2020-06-06 16:48:43.926841,2,0,10,1,0
2020-06-06 16:49:20.467107,2,0,10,1,0
2020-06-06 16:49:57.213137,2,0,10,1,0
2020-06-06 16:50:33.758162,2,0,10,1,0
2020-06-06 16:51:10.227477,2,0,10,1,0
2020-06-06 16:51:46.576985,2,0,10,1,0
2020-06-06 16:52:22.975963,2,0,10,1,0
2020-06-06 16:52:59.561281,2,0,10,1,0
2020-06-06 16:53:36.213800,2,0,10,1,0
2020-06-06 16:54:15.326175,2,0,10,1,0
2020-06-06 16:54:54.294478,2,0,10,1,0
2020-06-06 16:55:30.797325,2,0,10,1,0
2020-06-06 16:56:07.690419,2,0,10,1,0
2020-06-06 16:56:44.545324,2,1,10,1,0
2020-06-06 16:57:21.007585,2,1,10,1,0
2020-06-06 16:57:57.366103,2,1,10,1,0
2020-06-06 16:58:33.681701,2,1,9,1,0
2020-06-06 16:59:10.059114,2,1,9,1,0
2020-06-06 16:59:46.407470,2,1,9,1,0
2020-06-06 17:00:22.681962,2,1,10,1,0
2020-06-06 17:00:58.939945,2,1,10,1,0
2020-06-06 17:01:35.293088,2,1,10,1,0
2020-06-06 17:02:11.773639,2,1,10,1,0
2020-06-06 17:02:48.146270,2,1,10,1,0
2020-06-06 17:03:24.585238,2,1,10,1,0
2020-06-06 17:04:01.107852,2,1,10,1,0
2020-06-06 17:04:37.469485,2,1,10,1,0
2020-06-06 17:05:13.725386,2,1,10,1,0
2020-06-06 17:05:50.091534,2,1,9,1,0
2020-06-06 17:06:26.452843,2,1,8,1,0
2020-06-06 17:07:02.703183,2,1,8,1,0
2020-06-06 17:07:38.933057,2,1,8,1,0
2020-06-06 17:08:15.188888,2,1,8,1,0
2020-06-06 17:08:51.965564,2,1,8,1,0
2020-06-06 17:09:28.689128,2,1,8,1,0
2020-06-06 17:10:05.037182,2,1,8,1,0
2020-06-06 17:10:41.433601,2,1,8,1,0
2020-06-06 17:11:17.776388,2,1,8,1,0
2020-06-06 17:11:54.398521,2,1,8,1,0
2020-06-06 17:12:30.890646,2,1,8,1,0
2020-06-06 17:13:07.195306,2,1,8,1,0
2020-06-06 17:13:43.618271,2,1,7,1,0
2020-06-06 17:14:20.014164,2,1,7,1,0
2020-06-06 17:14:56.337592,2,1,7,1,0
2020-06-06 17:15:32.573043,2,1,7,1,0
2020-06-06 17:16:08.919305,2,1,7,1,0
2020-06-06 17:16:45.257117,2,1,7,1,0
2020-06-06 17:17:21.501454,2,1,7,1,0
2020-06-06 17:17:57.799631,2,2,7,1,0
2020-06-06 17:18:34.077839,2,2,7,1,0
2020-06-06 17:19:10.384726,2,3,7,1,0
2020-06-06 17:19:46.671439,2,3,7,1,0
2020-06-06 17:20:23.003006,2,3,7,1,0
2020-06-06 17:20:59.312592,2,3,7,1,0
2020-06-06 17:21:35.518432,2,3,7,1,0
2020-06-06 17:22:11.824267,2,3,7,1,0
2020-06-06 17:22:48.109717,2,3,7,1,0
2020-06-06 17:23:24.243594,2,3,7,1,0
2020-06-06 17:24:00.624519,2,3,7,1,0
2020-06-06 17:24:36.988569,2,3,7,1,0
2020-06-06 17:25:18.089689,2,3,7,1,0
2020-06-06 17:25:59.441031,2,3,7,1,0
2020-06-06 17:26:35.818114,2,3,7,1,0
2020-06-06 17:27:11.986125,2,3,7,1,0
2020-06-06 17:27:48.440040,2,3,7,1,0
2020-06-06 17:28:24.857922,2,3,7,1,0
2020-06-06 17:29:00.998348,2,3,7,1,0
2020-06-06 17:29:37.354026,2,3,7,1,0
2020-06-06 17:30:13.728265,2,3,7,1,0
2020-06-06 17:30:49.933795,2,3,7,1,0
2020-06-06 17:31:26.092565,2,3,7,1,0
2020-06-06 17:32:02.199331,2,3,7,1,0
2020-06-06 17:32:38.271421,2,3,7,1,0
2020-06-06 17:33:14.264539,2,3,7,1,0
2020-06-06 17:33:50.250416,2,3,7,1,0
2020-06-06 17:34:26.192831,2,3,7,1,0
2020-06-06 17:35:02.184813,2,3,7,1,0
2020-06-06 17:35:38.336175,2,3,7,1,0
2020-06-06 17:36:14.472842,2,3,7,1,0
2020-06-06 17:36:50.671447,2,3,7,1,0
2020-06-06 17:37:26.928226,2,3,7,2,0
2020-06-06 17:38:03.076014,2,3,7,2,0
2020-06-06 17:38:39.100958,2,3,8,2,0
2020-06-06 17:39:15.162599,2,3,8,2,0
2020-06-06 17:39:51.397615,2,3,8,2,0
2020-06-06 17:40:27.571673,2,3,8,2,0
2020-06-06 17:41:03.640947,2,3,8,2,0
2020-06-06 17:41:39.800679,2,3,8,2,0
2020-06-06 17:42:15.908378,2,3,8,2,0
2020-06-06 17:42:51.950776,2,3,8,2,0
2020-06-06 17:43:27.983730,2,3,9,2,0
2020-06-06 17:44:04.022517,2,3,9,2,0
2020-06-06 17:44:40.030273,2,3,9,2,0
2020-06-06 17:45:16.126242,2,3,9,2,0
2020-06-06 17:45:52.270455,2,3,9,2,0
2020-06-06 17:46:28.317088,2,3,9,1,0
2020-06-06 17:47:04.719347,2,3,9,1,0
2020-06-06 17:47:41.644331,2,3,9,1,0
2020-06-06 17:48:18.341393,2,3,9,1,0
2020-06-06 17:48:54.648447,2,3,9,1,0
2020-06-06 17:49:31.812996,2,4,9,1,0
2020-06-06 17:50:08.807956,2,4,9,1,0
2020-06-06 17:50:44.821586,2,4,9,1,0
2020-06-06 17:51:20.805429,2,3,9,1,0
2020-06-06 17:51:56.723026,2,3,9,1,0
2020-06-06 17:52:32.562033,2,3,9,1,0
2020-06-06 17:53:08.514508,2,3,9,1,0
2020-06-06 17:53:44.649156,2,3,9,1,0
2020-06-06 17:54:21.001263,2,3,9,1,0
2020-06-06 17:54:57.279073,2,3,9,1,0
2020-06-06 17:55:33.383929,2,3,9,1,0
2020-06-06 17:56:09.531211,1,3,9,1,0
2020-06-06 17:56:45.773523,1,3,9,1,0
2020-06-06 17:57:21.967120,1,3,9,1,0
2020-06-06 17:57:57.899106,1,3,9,1,0
2020-06-06 17:58:33.683238,1,3,9,1,0
2020-06-06 17:59:09.544288,1,3,9,1,0
2020-06-06 17:59:45.450609,1,3,9,1,0
2020-06-06 18:00:21.311595,1,2,9,1,0
2020-06-06 18:00:57.219329,1,3,9,1,0
2020-06-06 18:01:33.048100,1,3,9,1,0
2020-06-06 18:02:09.143233,1,2,9,1,0
2020-06-06 18:02:45.287214,1,2,9,1,0
2020-06-06 18:03:21.144534,1,3,9,1,0
2020-06-06 18:03:56.927819,1,4,9,1,0
2020-06-06 18:04:32.634089,1,4,10,1,0
2020-06-06 18:05:08.340105,1,4,10,1,0
2020-06-06 18:05:44.351237,1,2,10,1,0
2020-06-06 18:06:20.550299,1,2,10,1,0
2020-06-06 18:06:56.517107,1,2,10,1,0
2020-06-06 18:07:32.372510,1,2,10,1,0
2020-06-06 18:08:08.346489,1,2,10,1,0
2020-06-06 18:08:44.162050,1,2,10,1,0
2020-06-06 18:09:19.968032,1,2,10,1,0
2020-06-06 18:09:55.804253,1,2,10,1,0
2020-06-06 18:10:31.577685,1,2,10,1,0
2020-06-06 18:11:07.755183,1,2,10,1,0
2020-06-06 18:11:44.006763,1,2,12,1,0
2020-06-06 18:12:19.944270,1,2,12,1,0
2020-06-06 18:12:55.932264,1,2,12,1,0
2020-06-06 18:13:32.032195,1,2,12,1,0
2020-06-06 18:14:08.066460,1,2,12,1,0
2020-06-06 18:14:43.935153,1,2,12,1,0
2020-06-06 18:15:19.952570,1,2,13,1,0
2020-06-06 18:15:56.062106,1,2,14,1,0
2020-06-06 18:16:32.071719,1,2,14,1,0
2020-06-06 18:17:16.934750,1,2,14,2,0
2020-06-06 18:18:01.888318,1,2,14,2,0
2020-06-06 18:18:37.900129,1,2,14,2,0
2020-06-06 18:19:13.841700,1,2,14,2,0
2020-06-06 18:19:50.305454,1,2,14,2,0
2020-06-06 18:20:26.832511,1,3,14,2,0
2020-06-06 18:21:02.891835,1,3,14,2,0
2020-06-06 18:21:38.798789,1,3,14,2,0
2020-06-06 18:22:14.748332,1,3,14,0,0
2020-06-06 18:22:50.732621,1,3,14,0,0
2020-06-06 18:23:26.608171,1,3,14,0,0
2020-06-06 18:24:02.729043,1,3,14,0,0
2020-06-06 18:24:38.933826,1,2,14,0,0
2020-06-06 18:25:14.944564,1,2,14,0,0
2020-06-06 18:25:50.955678,1,2,14,0,0
2020-06-06 18:26:26.870804,1,2,14,0,0
2020-06-06 18:27:02.944480,1,2,14,0,0
2020-06-06 18:27:39.126918,1,2,14,0,0
2020-06-06 18:28:15.065140,1,2,14,0,0
2020-06-06 18:28:50.904323,1,2,14,0,0
2020-06-06 18:29:26.862979,1,2,14,0,0
2020-06-06 18:30:02.878120,1,2,14,0,0
2020-06-06 18:30:39.036045,1,2,14,0,0
2020-06-06 18:31:15.097342,1,1,14,0,0
2020-06-06 18:31:50.959047,1,1,14,0,0
2020-06-06 18:32:26.839154,1,1,15,0,0
2020-06-06 18:33:02.941019,1,1,15,0,0
2020-06-06 18:33:39.007093,1,0,15,0,0
2020-06-06 18:34:14.928799,1,0,15,0,0
2020-06-06 18:34:50.886614,1,0,15,0,0
2020-06-06 18:35:26.813916,1,0,15,0,0
2020-06-06 18:36:02.726022,1,0,15,0,0
2020-06-06 18:36:38.567249,1,0,15,0,0
2020-06-06 18:37:14.432280,1,0,15,0,0
2020-06-06 18:37:50.386202,1,0,15,0,0
2020-06-06 18:38:26.537715,1,0,15,0,0
2020-06-06 18:39:02.711751,1,0,15,0,0
2020-06-06 18:39:38.726844,1,0,15,0,0
2020-06-06 18:40:14.896011,1,0,15,1,0
2020-06-06 18:40:51.028989,1,0,15,1,0
2020-06-06 18:41:26.928365,1,0,15,1,0
2020-06-06 18:42:02.853635,1,0,15,1,0
2020-06-06 18:42:38.862842,1,0,14,1,0
2020-06-06 18:43:14.847016,1,0,14,1,0
2020-06-06 18:43:50.818462,1,0,14,1,1
2020-06-06 18:44:26.804084,1,0,14,1,1
2020-06-06 18:45:02.953918,1,0,14,1,2
2020-06-06 18:45:39.109912,1,0,14,1,2
2020-06-06 18:46:14.971791,1,0,14,1,2
2020-06-06 18:46:50.871848,1,0,14,1,2
2020-06-06 18:47:26.867475,1,0,14,1,2
2020-06-06 18:48:03.026399,1,0,14,1,2
2020-06-06 18:48:38.978489,1,0,13,1,2
2020-06-06 18:49:15.072002,1,0,12,1,2
2020-06-06 18:49:51.193735,1,0,12,1,2
2020-06-06 18:50:26.832699,1,0,12,1,2
2020-06-06 18:51:03.151450,1,1,12,1,2
2020-06-06 18:51:39.515065,1,2,12,1,2
2020-06-06 18:52:15.162925,1,2,12,1,2
2020-06-06 18:52:50.841810,1,2,12,1,2
2020-06-06 18:53:26.574977,1,2,12,1,2
2020-06-06 18:54:02.333540,1,2,12,1,2
2020-06-06 18:54:38.123393,2,2,12,1,2
2020-06-06 18:55:13.944511,2,2,12,1,2
2020-06-06 18:55:49.731203,2,2,12,1,2
2020-06-06 18:56:25.569134,2,2,12,1,2
2020-06-06 18:57:01.392141,2,2,12,1,2
2020-06-06 18:57:37.018894,2,2,12,1,2
2020-06-06 18:58:12.597754,2,2,12,1,2
2020-06-06 18:58:48.261442,2,2,12,1,2
2020-06-06 18:59:24.073800,2,2,12,1,2
2020-06-06 19:00:00.063788,2,2,12,1,2
2020-06-06 19:00:35.879471,2,2,12,1,2
2020-06-06 19:01:11.451924,2,2,12,1,2
2020-06-06 19:01:47.134601,2,2,12,1,2
2020-06-06 19:02:23.266172,2,2,12,1,2
2020-06-06 19:02:59.846105,2,2,12,1,2
2020-06-06 19:03:36.130909,2,2,12,1,2
2020-06-06 19:04:12.098404,3,2,11,1,2
2020-06-06 19:04:48.023386,3,2,11,1,2
2020-06-06 19:05:23.880841,3,2,11,1,2
2020-06-06 19:05:59.858605,3,2,11,1,2
2020-06-06 19:06:35.875162,3,2,11,1,2
2020-06-06 19:07:11.796329,3,2,11,1,2
2020-06-06 19:07:47.704512,3,2,11,1,2
2020-06-06 19:08:23.721911,3,2,11,1,2
2020-06-06 19:08:59.802382,3,2,11,1,2
2020-06-06 19:09:35.758736,3,2,11,1,2
2020-06-06 19:10:11.636810,3,2,11,1,2
2020-06-06 19:10:47.460363,3,2,11,1,2
2020-06-06 19:11:23.308336,3,2,11,1,2
2020-06-06 19:11:59.160640,3,2,11,1,2
2020-06-06 19:12:34.861317,3,2,11,1,2
2020-06-06 19:13:10.573098,3,2,11,1,2
2020-06-06 19:13:46.385633,3,2,11,1,2
2020-06-06 19:14:22.169994,3,2,11,1,2
2020-06-06 19:14:57.955631,3,2,11,1,2
2020-06-06 19:15:33.897771,3,2,11,1,2
2020-06-06 19:16:09.782044,3,2,11,1,2
2020-06-06 19:16:45.542466,3,2,11,1,2
2020-06-06 19:17:21.934547,3,2,11,1,2
2020-06-06 19:17:58.268091,3,2,11,1,2
2020-06-06 19:18:34.025534,3,2,11,1,2
2020-06-06 19:19:09.810952,3,2,11,1,2
2020-06-06 19:19:45.729992,3,2,11,1,2
2020-06-06 19:20:21.707183,3,2,11,1,2
2020-06-06 19:20:57.522801,3,2,11,1,2
2020-06-06 19:21:33.331291,3,2,11,1,2
2020-06-06 19:22:09.201237,3,2,11,1,2
2020-06-06 19:22:45.075814,3,2,11,1,2
2020-06-06 19:23:20.900509,3,2,11,1,2
2020-06-06 19:23:57.075515,3,2,11,1,2
2020-06-06 19:24:33.140636,3,2,11,1,2
2020-06-06 19:25:08.694382,3,2,11,1,2
2020-06-06 19:25:44.269897,3,2,11,1,2
2020-06-06 19:26:20.080678,3,2,11,1,2
2020-06-06 19:26:55.916704,3,2,11,1,2
2020-06-06 19:27:32.023908,3,2,11,1,2
2020-06-06 19:28:08.163454,3,2,11,1,2
2020-06-06 19:28:46.335950,3,2,11,1,2
2020-06-06 19:29:24.411937,3,2,11,1,2
2020-06-06 19:29:59.965047,3,2,11,1,2
2020-06-06 19:30:35.527082,3,2,11,1,2
2020-06-06 19:31:11.131553,3,2,11,1,2
2020-06-06 19:31:46.703135,3,2,11,1,2
2020-06-06 19:32:22.272727,3,2,11,1,2
2020-06-06 19:32:57.826570,3,2,11,1,2
2020-06-06 19:33:33.410166,3,2,11,1,2
2020-06-06 19:34:09.191394,3,2,11,1,2
2020-06-06 19:34:44.855100,3,2,11,0,2
2020-06-06 19:35:20.619792,3,2,11,0,2
2020-06-06 19:35:56.439578,3,2,11,0,2
2020-06-06 19:36:32.101413,3,2,11,0,2
2020-06-06 19:37:07.910342,3,2,11,0,2
2020-06-06 19:37:43.644809,3,2,11,0,2
2020-06-06 19:38:19.273515,3,2,11,0,2
2020-06-06 19:38:54.990816,3,2,10,0,2
2020-06-06 19:39:30.665508,3,2,10,0,2
2020-06-06 19:40:06.342538,3,3,10,0,2
2020-06-06 19:40:42.224895,3,3,10,0,2
2020-06-06 19:41:18.009996,3,3,10,0,2
2020-06-06 19:41:53.614503,3,3,10,0,2
2020-06-06 19:42:29.180664,3,3,10,0,2
2020-06-06 19:43:04.945618,3,3,10,0,2
2020-06-06 19:43:40.694132,3,3,10,0,2
2020-06-06 19:44:16.224751,3,3,11,0,2
2020-06-06 19:44:51.833297,3,3,11,0,2
2020-06-06 19:45:27.524351,3,3,11,0,2
2020-06-06 19:46:03.344518,3,3,11,0,2
2020-06-06 19:46:39.071720,3,3,11,0,2
2020-06-06 19:47:14.558638,3,3,11,0,2
2020-06-06 19:47:50.087543,3,3,11,0,2
2020-06-06 19:48:25.609927,3,3,11,0,2
2020-06-06 19:49:01.281812,3,3,11,0,2
2020-06-06 19:49:36.978135,3,2,11,0,2
2020-06-06 19:50:12.542554,3,2,11,0,2
2020-06-06 19:50:48.212806,3,2,11,0,2
2020-06-06 19:51:23.911691,3,2,11,0,2
2020-06-06 19:51:59.681151,3,2,10,0,1
2020-06-06 19:52:35.429098,3,2,10,0,0
2020-06-06 19:53:11.006418,3,2,10,0,0
2020-06-06 19:53:46.439497,3,2,10,0,0
2020-06-06 19:54:21.825535,3,2,9,0,0
2020-06-06 19:54:57.349257,3,2,9,0,0
2020-06-06 19:55:32.865284,3,2,8,0,0
2020-06-06 19:56:08.547515,3,2,8,0,0
2020-06-06 19:56:44.232629,3,2,7,0,0
2020-06-06 19:57:20.073469,3,2,7,0,0
2020-06-06 19:57:55.995822,3,2,7,0,0
2020-06-06 19:58:31.528714,3,2,7,0,0
2020-06-06 19:59:07.198103,3,2,7,0,0
2020-06-06 19:59:42.912083,3,2,6,0,0
2020-06-06 20:00:18.488586,3,2,6,0,0
2020-06-06 20:00:54.194679,3,2,6,0,0
2020-06-06 20:01:29.869969,3,2,6,0,0
2020-06-06 20:02:05.485099,3,2,6,0,0
2020-06-06 20:02:41.088432,3,2,6,0,0
2020-06-06 20:03:16.570235,3,2,6,0,0
2020-06-06 20:03:52.239618,3,2,6,0,0
2020-06-06 20:04:27.890898,3,2,6,0,0
2020-06-06 20:05:03.478208,3,2,6,0,0
2020-06-06 20:05:39.084758,3,2,6,0,0
2020-06-06 20:06:14.581475,3,2,6,0,0
2020-06-06 20:06:50.093287,3,2,6,0,0
2020-06-06 20:07:25.689271,3,2,6,0,0
2020-06-06 20:08:01.361335,3,2,6,0,0
2020-06-06 20:08:36.876552,3,2,4,0,0
2020-06-06 20:09:12.278228,3,2,4,0,0
2020-06-06 20:09:47.793704,3,2,4,0,0
2020-06-06 20:10:23.373574,3,4,4,0,0
2020-06-06 20:10:58.928040,2,4,4,0,0
2020-06-06 20:11:34.502562,2,4,4,0,0
2020-06-06 20:12:10.020665,0,4,7,0,0
2020-06-06 20:12:45.468473,0,4,7,0,0
2020-06-06 20:13:20.953074,0,4,7,0,0
2020-06-06 20:13:56.442345,0,4,7,0,0
2020-06-06 20:14:31.977825,0,4,8,0,0
2020-06-06 20:15:07.740765,0,5,8,0,0
2020-06-06 20:15:43.504888,0,5,9,0,0
2020-06-06 20:16:19.128876,0,5,9,0,0
2020-06-06 20:16:54.745679,0,5,9,0,0
2020-06-06 20:17:30.351424,0,5,9,0,0
2020-06-06 20:18:05.966176,0,5,9,0,0
2020-06-06 20:18:41.693838,2,5,8,0,0
2020-06-06 20:19:17.458961,2,5,8,0,0
2020-06-06 20:19:53.204288,2,5,8,0,0
2020-06-06 20:20:28.950593,3,6,8,0,0
2020-06-06 20:21:04.637611,3,6,7,0,0
2020-06-06 20:21:40.357567,3,6,7,0,0
2020-06-06 20:22:16.044580,3,6,7,0,0
2020-06-06 20:22:51.632374,3,5,7,0,0
2020-06-06 20:23:27.240450,3,4,7,0,0
2020-06-06 20:24:02.980901,3,4,7,0,1
2020-06-06 20:24:38.647148,3,4,7,0,1
2020-06-06 20:25:14.186427,3,4,7,0,1
2020-06-06 20:25:49.936800,3,4,7,0,1
2020-06-06 20:26:25.440910,3,4,7,0,1
2020-06-06 20:27:01.039395,3,4,7,0,1
2020-06-06 20:27:36.709260,3,4,8,0,1
2020-06-06 20:28:12.286553,3,4,8,0,1
2020-06-06 20:28:47.811196,3,4,8,0,1
2020-06-06 20:29:23.398843,3,4,8,0,1
2020-06-06 20:29:59.024710,3,4,8,0,1
2020-06-06 20:30:34.602721,3,4,9,0,1
2020-06-06 20:31:10.162870,3,4,9,0,1
2020-06-06 20:31:45.728244,3,4,9,0,1
2020-06-06 20:32:21.349818,3,4,9,0,1
2020-06-06 20:32:56.980379,3,4,9,0,1
2020-06-06 20:33:32.555853,3,4,9,0,1
2020-06-06 20:34:08.098655,3,4,9,0,1
2020-06-06 20:34:43.507574,3,4,9,0,1
2020-06-06 20:35:18.843453,3,4,9,0,1
2020-06-06 20:35:54.230210,3,4,9,0,1
2020-06-06 20:36:29.708004,3,5,9,0,1
2020-06-06 20:37:07.895924,3,5,9,0,1
2020-06-06 20:37:45.999350,4,5,9,0,1
2020-06-06 20:38:21.501203,5,5,9,0,1
2020-06-06 20:38:57.013306,5,5,9,0,1
2020-06-06 20:39:32.340790,5,5,9,0,1
2020-06-06 20:40:07.767097,5,5,9,0,1
2020-06-06 20:40:43.248231,5,5,9,0,1
2020-06-06 20:41:19.044142,5,5,9,0,1
2020-06-06 20:41:54.926044,5,5,9,0,1
2020-06-06 20:42:30.390743,5,5,9,0,1
2020-06-06 20:43:05.793517,5,5,9,0,1
2020-06-06 20:43:41.266714,5,5,9,0,1
2020-06-06 20:44:16.704017,5,5,9,0,1
2020-06-06 20:44:52.063954,5,5,9,0,1
2020-06-06 20:45:27.432893,5,5,9,0,1
2020-06-06 20:46:02.805557,5,5,9,0,1
2020-06-06 20:46:38.134068,5,5,9,0,1
2020-06-06 20:47:13.491598,5,5,9,0,1
2020-06-06 20:47:48.953935,5,5,9,0,1
2020-06-06 20:48:24.348464,5,5,9,0,1
2020-06-06 20:48:59.634873,5,5,9,0,1
2020-06-06 20:49:34.968944,5,5,9,0,1
2020-06-06 20:50:10.420339,5,5,9,0,1
2020-06-06 20:50:45.871109,5,5,9,0,1
2020-06-06 20:51:21.332417,5,5,9,0,1
2020-06-06 20:51:56.864982,5,6,9,0,2
2020-06-06 20:52:32.383871,5,6,9,0,3
2020-06-06 20:53:08.004102,5,6,9,0,3
2020-06-06 20:53:43.522716,5,6,9,0,4
2020-06-06 20:54:18.968782,5,6,9,0,4
2020-06-06 20:54:54.451944,5,6,9,0,4
2020-06-06 20:55:29.825062,5,6,9,0,4
2020-06-06 20:56:05.184137,5,6,9,0,4
2020-06-06 20:56:40.626767,5,6,9,0,4
2020-06-06 20:57:16.358666,5,6,9,0,4
2020-06-06 20:57:52.374974,5,7,9,0,4
2020-06-06 20:58:28.468015,5,7,9,0,4
2020-06-06 20:59:04.177983,5,7,9,0,4
2020-06-06 20:59:39.501260,5,7,9,0,4
2020-06-06 21:00:15.092950,5,7,9,0,4
2020-06-06 21:00:51.188945,5,7,9,0,4
2020-06-06 21:01:27.045204,5,7,9,0,4
2020-06-06 21:02:02.456516,5,7,9,0,4
2020-06-06 21:02:37.871100,5,7,9,0,4
2020-06-06 21:03:13.244050,5,7,9,0,4
2020-06-06 21:03:48.589005,5,7,9,0,4
2020-06-06 21:04:23.924537,5,7,9,0,4
2020-06-06 21:04:59.315730,5,7,9,0,4
2020-06-06 21:05:34.729410,5,7,9,0,4
2020-06-06 21:06:10.136817,5,7,9,0,4
2020-06-06 21:06:45.491195,5,7,9,0,4
2020-06-06 21:07:21.041024,5,7,9,0,4
2020-06-06 21:07:56.708875,5,7,9,0,4
2020-06-06 21:08:32.095336,5,7,9,0,4
2020-06-06 21:09:07.434591,5,7,9,0,4
2020-06-06 21:09:42.848485,5,7,9,0,4
2020-06-06 21:10:18.198018,5,7,9,0,4
2020-06-06 21:10:53.763719,5,7,9,0,4
2020-06-06 21:11:29.381361,5,7,9,0,4
2020-06-06 21:12:04.734081,5,7,9,0,4
2020-06-06 21:12:40.064090,5,7,9,0,4
2020-06-06 21:13:15.413989,5,7,9,0,4
2020-06-06 21:13:50.819633,5,7,9,0,4
2020-06-06 21:14:26.183160,5,7,9,0,4
2020-06-06 21:15:01.796799,5,7,9,0,4
2020-06-06 21:15:37.707798,5,7,9,0,4
2020-06-06 21:16:13.407938,5,7,9,0,4
2020-06-06 21:16:48.784039,5,7,9,0,4
2020-06-06 21:17:24.535220,5,7,9,0,4
2020-06-06 21:18:00.625500,5,7,9,0,4
2020-06-06 21:18:36.359577,5,7,9,0,4
2020-06-06 21:19:11.780388,5,7,9,0,4
2020-06-06 21:19:47.101415,5,7,9,0,4
2020-06-06 21:20:22.464758,5,7,9,0,4
2020-06-06 21:20:57.780477,5,7,9,0,4
2020-06-06 21:21:33.068539,5,7,9,0,4
2020-06-06 21:22:08.408334,5,7,9,0,4
2020-06-06 21:22:43.863575,5,7,9,0,4
2020-06-06 21:23:19.365820,5,6,9,0,4
2020-06-06 21:23:54.770785,5,6,9,0,4
2020-06-06 21:24:30.255884,5,6,9,0,4
2020-06-06 21:25:05.834892,5,6,9,0,4
2020-06-06 21:25:41.305479,5,6,9,0,4
2020-06-06 21:26:16.658207,5,6,9,0,4
2020-06-06 21:26:52.169965,5,6,9,0,4
2020-06-06 21:27:27.665098,5,6,9,0,4
2020-06-06 21:28:03.156239,5,6,9,0,4
2020-06-06 21:28:38.561889,5,6,9,0,4
2020-06-06 21:29:14.010644,5,7,9,0,4
2020-06-06 21:29:49.570777,5,7,9,0,4
2020-06-06 21:30:25.045115,5,7,9,0,4
2020-06-06 21:31:00.556397,5,7,9,0,4
2020-06-06 21:31:36.038536,5,7,9,0,4
2020-06-06 21:32:11.492815,5,7,9,0,4
2020-06-06 21:32:46.888259,5,7,9,0,4
2020-06-06 21:33:22.296820,5,7,9,0,4
2020-06-06 21:33:57.732871,5,7,9,0,4
2020-06-06 21:34:33.155704,5,7,9,0,4
2020-06-06 21:35:08.638229,5,7,9,0,4
2020-06-06 21:35:44.056192,5,7,9,0,4
2020-06-06 21:36:19.466129,5,7,9,0,4
2020-06-06 21:36:54.932479,5,7,9,0,4
2020-06-06 21:37:30.342531,5,7,9,0,4
2020-06-06 21:38:06.435783,5,7,9,0,4
2020-06-06 21:38:42.571515,5,7,10,0,4
2020-06-06 21:39:18.038547,5,7,10,0,4
2020-06-06 21:39:54.156259,5,7,10,0,4
2020-06-06 21:40:30.287112,5,7,10,0,4
2020-06-06 21:41:05.917627,5,7,10,0,4
2020-06-06 21:41:41.636550,5,7,10,0,4
2020-06-06 21:42:17.260953,5,7,10,0,4
2020-06-06 21:42:52.800041,4,7,10,0,4
2020-06-06 21:43:28.348047,4,7,9,0,4
2020-06-06 21:44:03.920396,4,7,8,0,4
2020-06-06 21:44:39.511897,4,7,8,0,4
2020-06-06 21:45:15.038453,4,7,8,0,4
2020-06-06 21:45:50.638152,4,7,8,0,4
2020-06-06 21:46:26.300569,4,7,8,0,4
2020-06-06 21:47:02.132377,4,7,8,0,4
2020-06-06 21:47:38.194311,4,8,8,0,4
2020-06-06 21:48:14.151514,4,8,8,0,4
2020-06-06 21:48:50.049735,4,8,8,0,4
2020-06-06 21:49:25.925626,4,8,8,0,4
2020-06-06 21:50:01.878302,4,8,8,0,4
2020-06-06 21:50:37.969563,4,8,8,0,4
2020-06-06 21:51:13.928680,4,8,8,0,4
2020-06-06 21:51:49.741098,4,8,8,0,4
2020-06-06 21:52:25.652140,4,8,8,0,4
2020-06-06 21:53:01.593777,4,8,8,0,4
2020-06-06 21:53:37.485169,4,8,8,0,4
2020-06-06 21:54:13.320180,4,8,8,0,4
2020-06-06 21:54:49.083139,4,8,8,0,4
2020-06-06 21:55:24.776440,4,8,8,0,4
2020-06-06 21:56:00.523986,4,8,8,0,4
2020-06-06 21:56:36.235075,4,8,8,0,4
2020-06-06 21:57:11.942845,4,8,8,0,4
2020-06-06 21:57:47.743670,4,8,8,0,4
2020-06-06 21:58:23.582021,4,8,8,0,4
2020-06-06 21:58:59.378494,4,8,8,0,4
2020-06-06 21:59:35.224744,4,8,8,0,4
2020-06-06 22:00:11.261902,4,8,8,0,4
2020-06-06 22:00:47.204684,4,8,8,0,4
2020-06-06 22:01:23.010258,4,8,8,0,4
2020-06-06 22:01:58.859264,4,8,8,0,4
2020-06-06 22:02:34.663777,4,8,8,0,4
2020-06-06 22:03:10.468796,4,9,8,0,4
2020-06-06 22:03:46.263615,4,9,8,0,4
2020-06-06 22:04:22.183818,4,9,8,0,6
2020-06-06 22:04:58.085571,4,9,8,0,6
2020-06-06 22:05:33.901700,4,9,8,0,6
2020-06-06 22:06:09.854540,4,9,8,0,6
2020-06-06 22:06:45.812205,4,9,8,0,6
2020-06-06 22:07:21.807608,4,9,8,0,6
2020-06-06 22:07:57.889640,4,9,8,0,6
2020-06-06 22:08:33.720563,4,9,8,0,6
2020-06-06 22:09:09.450547,4,9,8,0,6
2020-06-06 22:09:45.174427,4,9,8,0,6
2020-06-06 22:10:20.930423,4,9,8,0,6
2020-06-06 22:10:56.788318,4,9,8,0,6
2020-06-06 22:11:32.591349,4,9,8,0,6
2020-06-06 22:12:08.494100,4,9,8,0,6
2020-06-06 22:12:44.381933,4,9,8,0,6
2020-06-06 22:13:20.164274,4,9,8,0,6
2020-06-06 22:13:56.037220,4,8,8,0,6
2020-06-06 22:14:31.789362,4,7,8,0,6
2020-06-06 22:15:07.607722,4,7,8,0,6
2020-06-06 22:15:43.437977,4,7,8,0,6
2020-06-06 22:16:19.160218,4,7,8,0,6
2020-06-06 22:16:55.046015,4,7,8,0,6
2020-06-06 22:17:30.967031,4,7,8,0,6
2020-06-06 22:18:06.711362,4,7,8,0,6
2020-06-06 22:18:42.457398,4,7,8,0,6
2020-06-06 22:19:18.285749,4,7,8,0,6
2020-06-06 22:19:54.137336,4,7,8,0,6
2020-06-06 22:20:30.019879,4,7,9,0,6
2020-06-06 22:21:05.817661,4,7,9,0,6
2020-06-06 22:21:41.616672,4,7,9,0,6
2020-06-06 22:22:17.345615,4,7,9,0,6
2020-06-06 22:22:53.019786,4,7,9,0,6
2020-06-06 22:23:28.747274,4,7,9,0,6
2020-06-06 22:24:04.553819,4,7,9,0,6
2020-06-06 22:24:40.477712,4,7,9,0,6
2020-06-06 22:25:16.299185,4,7,9,0,6
2020-06-06 22:25:52.005314,4,7,9,0,6
2020-06-06 22:26:27.737745,4,7,9,0,6
2020-06-06 22:27:03.486089,4,7,9,0,6
2020-06-06 22:27:39.232119,4,7,9,0,6
2020-06-06 22:28:14.993789,4,7,9,0,6
2020-06-06 22:28:50.762403,4,7,9,0,6
2020-06-06 22:29:26.617544,4,7,9,0,6
2020-06-06 22:30:02.583595,4,7,9,0,6
2020-06-06 22:30:38.504987,4,7,9,0,6
2020-06-06 22:31:14.406935,4,7,9,0,6
2020-06-06 22:31:50.337312,4,7,9,0,6
2020-06-06 22:32:26.257666,4,7,9,0,6
2020-06-06 22:33:02.166516,4,7,9,0,6
2020-06-06 22:33:38.011144,4,7,9,0,6
2020-06-06 22:34:13.842150,4,7,9,0,6
2020-06-06 22:34:49.693809,4,7,9,0,6
2020-06-06 22:35:25.540430,4,7,9,0,6
2020-06-06 22:36:01.487966,4,7,9,0,6
2020-06-06 22:36:37.443735,4,7,9,0,6
2020-06-06 22:37:13.343763,4,7,9,0,6
2020-06-06 22:37:49.144792,4,7,9,0,6
2020-06-06 22:38:24.950879,4,7,9,0,6
2020-06-06 22:39:00.880986,4,6,9,0,6
2020-06-06 22:39:36.764742,4,5,9,0,6
2020-06-06 22:40:12.554421,4,5,9,0,6
2020-06-06 22:40:48.384823,4,5,9,0,6
2020-06-06 22:41:24.256581,4,5,9,0,6
2020-06-06 22:42:00.058574,4,5,9,0,6
2020-06-06 22:42:35.957405,4,5,9,0,6
2020-06-06 22:43:11.930336,4,5,9,0,6
2020-06-06 22:43:47.831755,4,5,9,0,6
2020-06-06 22:44:23.661206,4,5,9,0,6
2020-06-06 22:44:59.467103,4,5,9,0,6
2020-06-06 22:45:35.367956,4,5,9,0,6
2020-06-06 22:46:11.226741,4,5,9,0,6
2020-06-06 22:46:47.035210,4,5,9,0,6
2020-06-06 22:47:22.868754,4,5,9,0,6
2020-06-06 22:47:58.967033,4,5,9,0,6
2020-06-06 22:48:34.806966,4,5,9,0,6
2020-06-06 22:49:10.550570,4,5,9,0,6
2020-06-06 22:49:46.300778,4,5,9,0,6
2020-06-06 22:50:22.052719,4,5,9,0,6
2020-06-06 22:50:57.781578,4,5,9,0,6
2020-06-06 22:51:33.547062,4,5,9,0,6
2020-06-06 22:52:09.336692,4,5,10,0,6
2020-06-06 22:52:45.151034,4,5,10,0,6
2020-06-06 22:53:21.055697,4,5,10,0,6
2020-06-06 22:53:56.881617,4,5,9,0,6
2020-06-06 22:54:32.738101,4,5,9,0,6
2020-06-06 22:55:08.679803,4,5,9,0,6
2020-06-06 22:55:44.565269,4,5,8,0,6
2020-06-06 22:56:20.445560,4,5,8,0,6
2020-06-06 22:56:56.338140,4,5,8,0,6
2020-06-06 22:57:32.295834,4,5,8,0,6
2020-06-06 22:58:08.275156,4,5,8,0,6
2020-06-06 22:58:44.155046,4,5,8,0,6
2020-06-06 22:59:20.125586,4,5,8,0,6
2020-06-06 22:59:56.138421,4,5,8,0,6
2020-06-06 23:00:31.983405,4,5,8,0,6
2020-06-06 23:01:07.939304,4,5,8,0,6
2020-06-06 23:01:43.893141,4,5,8,0,6
2020-06-06 23:02:19.672410,4,5,8,0,6
2020-06-06 23:02:55.483796,4,5,8,0,6
2020-06-06 23:03:31.449853,4,5,8,0,6
2020-06-06 23:04:07.672310,4,5,8,0,6
2020-06-06 23:04:43.778826,4,5,9,0,6
2020-06-06 23:05:19.680868,4,5,9,0,6
2020-06-06 23:05:56.193516,4,5,9,0,6
2020-06-06 23:06:32.677762,4,5,9,0,6
2020-06-06 23:07:08.619261,4,5,9,0,6
2020-06-06 23:07:44.480945,4,5,9,0,6
2020-06-06 23:08:20.236636,4,5,9,0,6
2020-06-06 23:08:56.103090,4,5,9,0,6
2020-06-06 23:09:31.965247,4,5,9,0,6
2020-06-06 23:10:07.938650,4,5,9,0,6
2020-06-06 23:10:44.003083,4,5,9,0,6
2020-06-06 23:11:20.022582,4,5,9,0,6
2020-06-06 23:11:55.962641,4,6,9,0,6
2020-06-06 23:12:31.883628,4,6,9,0,6
2020-06-06 23:13:07.807600,4,6,9,0,6
2020-06-06 23:13:43.662423,4,6,9,0,6
2020-06-06 23:14:19.565029,4,6,9,0,6
2020-06-06 23:16:26.861689,4,6,9,0,6
2020-06-06 23:17:02.659040,4,6,9,0,6
2020-06-06 23:17:38.361077,4,6,9,0,6
2020-06-06 23:18:13.937421,4,6,9,0,6
2020-06-06 23:18:49.638847,4,6,9,0,6
2020-06-06 23:19:25.420291,4,6,8,0,6
2020-06-06 23:20:01.242542,4,6,8,0,6
2020-06-06 23:20:37.065375,4,6,8,0,6
2020-06-06 23:21:12.797925,4,6,8,0,6
2020-06-06 23:21:48.416949,4,6,8,0,6
2020-06-06 23:22:24.033501,4,6,8,0,6
2020-06-06 23:22:59.845188,4,6,8,0,6
2020-06-06 23:23:35.618337,4,6,8,0,6
2020-06-06 23:24:11.350800,4,6,8,0,6
2020-06-06 23:24:47.152304,4,6,8,0,6
2020-06-06 23:25:22.836562,4,6,8,0,6
2020-06-06 23:25:58.426581,4,6,8,0,6
2020-06-06 23:26:33.979301,4,6,8,0,6
2020-06-06 23:27:09.555693,4,6,8,0,6
2020-06-06 23:27:45.271774,4,6,8,0,6
2020-06-06 23:28:20.899631,4,6,8,0,6
2020-06-06 23:28:56.615746,4,6,8,0,6
2020-06-06 23:29:32.378184,4,6,8,0,6
2020-06-06 23:30:08.030547,4,6,8,0,6
2020-06-06 23:30:43.764184,4,6,8,0,6
2020-06-06 23:31:19.478889,4,6,8,0,6
2020-06-06 23:31:55.189702,4,6,8,0,6
2020-06-06 23:32:30.929393,4,6,8,0,6
2020-06-06 23:33:06.739386,4,6,8,0,6
2020-06-06 23:33:42.418023,4,6,8,0,6
2020-06-06 23:34:18.061524,4,6,7,0,6
2020-06-06 23:34:53.813231,4,6,7,0,6
2020-06-06 23:35:29.475988,4,6,7,0,6
2020-06-06 23:36:05.388662,4,6,6,0,6
2020-06-06 23:36:41.238906,4,6,6,0,6
2020-06-06 23:37:16.761480,4,6,6,0,6
2020-06-06 23:37:52.420979,4,6,6,0,6
2020-06-06 23:38:28.056411,4,6,6,0,6
2020-06-06 23:39:03.650892,4,6,6,0,6
2020-06-06 23:39:39.321594,4,6,6,0,6
2020-06-06 23:40:15.031086,4,6,6,0,6
2020-06-06 23:40:50.732194,4,7,6,0,6
2020-06-06 23:41:26.415997,4,7,6,0,6
2020-06-06 23:42:02.148819,4,7,6,0,6
2020-06-06 23:42:37.897239,4,7,6,0,6
2020-06-06 23:43:13.597058,4,7,6,0,6
2020-06-06 23:43:49.293706,4,7,6,0,6
2020-06-06 23:44:25.010437,4,7,6,0,6
2020-06-06 23:45:00.762203,4,7,6,0,6
2020-06-06 23:45:36.533777,4,7,6,0,6
2020-06-06 23:46:12.317758,4,7,6,0,6
2020-06-06 23:46:48.017345,4,7,6,0,6
2020-06-06 23:47:23.574245,4,7,6,0,6
2020-06-06 23:47:59.170362,4,7,6,0,6
2020-06-06 23:48:34.797253,4,7,6,0,6
2020-06-06 23:49:10.385386,4,7,6,0,6
2020-06-06 23:49:46.051994,4,7,6,0,6
2020-06-06 23:50:21.641344,4,8,6,0,6
2020-06-06 23:50:57.205348,4,8,6,0,6
2020-06-06 23:51:32.810606,4,8,6,0,6
2020-06-06 23:52:08.379736,4,8,6,0,6
2020-06-06 23:52:43.989195,4,8,6,0,6
2020-06-06 23:53:19.653162,4,8,6,0,6
2020-06-06 23:53:55.327462,4,8,6,0,6
2020-06-06 23:54:30.991371,4,8,6,0,6
2020-06-06 23:55:06.729760,4,8,6,0,6
2020-06-06 23:55:42.600467,4,8,6,0,6
2020-06-06 23:56:18.339277,4,8,6,0,6
2020-06-06 23:56:53.914485,4,8,6,0,6
2020-06-06 23:57:29.591963,4,8,6,0,6
2020-06-06 23:58:05.360179,4,8,6,0,6
2020-06-06 23:58:41.065044,4,8,6,0,6
2020-06-06 23:59:16.732806,4,8,6,0,6
2020-06-06 23:59:52.425182,4,8,6,0,6
